"Local Code","Age Group","Population","# of population with at least 1 dose","Percent of population who received at least one dose","# of population fully immunized","Percent of population fully immunized","Alberta: percent of population who received at least one dose","Alberta: percent of population fully immunized","Local Name","Zone Name"
"Z1.1.A.01","12-19 years",486,258,53.1,222,45.7,70.3,61.1,"CROWSNEST PASS","SOUTH"
"Z1.1.A.01","12+ years",5615,3996,71.2,3684,65.6,79.2,71.2,"CROWSNEST PASS","SOUTH"
"Z1.1.A.01","20-39 years",1304,711,54.5,602,46.2,69.3,59.6,"CROWSNEST PASS","SOUTH"
"Z1.1.A.01","40-59 years",1622,1127,69.5,1037,63.9,79.5,73,"CROWSNEST PASS","SOUTH"
"Z1.1.A.01","60-74 years",1599,1361,85.1,1302,81.4,90.3,86.9,"CROWSNEST PASS","SOUTH"
"Z1.1.A.01","75+ years",604,523,86.6,511,84.7,91.5,89.9,"CROWSNEST PASS","SOUTH"
"Z1.1.A.01","ALL years",6280,3996,63.6,3684,58.7,67.4,60.5,"CROWSNEST PASS","SOUTH"
"Z1.1.A.02","12-19 years",779,485,62.3,378,48.5,70.3,61.1,"PINCHER CREEK","SOUTH"
"Z1.1.A.02","12+ years",7177,5405,75.3,4849,67.6,79.2,71.2,"PINCHER CREEK","SOUTH"
"Z1.1.A.02","20-39 years",1962,1267,64.6,1010,51.5,69.3,59.6,"PINCHER CREEK","SOUTH"
"Z1.1.A.02","40-59 years",1946,1435,73.7,1310,67.3,79.5,73,"PINCHER CREEK","SOUTH"
"Z1.1.A.02","60-74 years",1706,1461,85.6,1410,82.6,90.3,86.9,"PINCHER CREEK","SOUTH"
"Z1.1.A.02","75+ years",784,734,93.6,724,92.4,91.5,89.9,"PINCHER CREEK","SOUTH"
"Z1.1.A.02","ALL years",8344,5405,64.8,4849,58.1,67.4,60.5,"PINCHER CREEK","SOUTH"
"Z1.1.A.03","12-19 years",677,308,45.5,252,37.2,70.3,61.1,"FORT MACLEOD","SOUTH"
"Z1.1.A.03","12+ years",5553,3365,60.6,3028,54.5,79.2,71.2,"FORT MACLEOD","SOUTH"
"Z1.1.A.03","20-39 years",1696,728,42.9,614,36.2,69.3,59.6,"FORT MACLEOD","SOUTH"
"Z1.1.A.03","40-59 years",1458,929,63.7,820,56.2,79.5,73,"FORT MACLEOD","SOUTH"
"Z1.1.A.03","60-74 years",1196,953,79.7,912,76.3,90.3,86.9,"FORT MACLEOD","SOUTH"
"Z1.1.A.03","75+ years",526,438,83.2,425,80.8,91.5,89.9,"FORT MACLEOD","SOUTH"
"Z1.1.A.03","ALL years",6753,3365,49.8,3028,44.8,67.4,60.5,"FORT MACLEOD","SOUTH"
"Z1.1.B.04","12-19 years",2211,1376,62.2,1078,48.8,70.3,61.1,"CARDSTON-KAINAI","SOUTH"
"Z1.1.B.04","12+ years",13462,9678,71.9,8199,60.9,79.2,71.2,"CARDSTON-KAINAI","SOUTH"
"Z1.1.B.04","20-39 years",4130,2540,61.5,1943,47,69.3,59.6,"CARDSTON-KAINAI","SOUTH"
"Z1.1.B.04","40-59 years",3363,2525,75.1,2151,64,79.5,73,"CARDSTON-KAINAI","SOUTH"
"Z1.1.B.04","60-74 years",2501,2088,83.5,1957,78.2,90.3,86.9,"CARDSTON-KAINAI","SOUTH"
"Z1.1.B.04","75+ years",1258,1068,84.9,1023,81.3,91.5,89.9,"CARDSTON-KAINAI","SOUTH"
"Z1.1.B.04","ALL years",16595,9678,58.3,8199,49.4,67.4,60.5,"CARDSTON-KAINAI","SOUTH"
"Z1.2.A.01","12-19 years",3120,1332,42.7,1130,36.2,70.3,61.1,"COUNTY OF LETHBRIDGE","SOUTH"
"Z1.2.A.01","12+ years",20593,12614,61.3,11499,55.8,79.2,71.2,"COUNTY OF LETHBRIDGE","SOUTH"
"Z1.2.A.01","20-39 years",6985,3374,48.3,2901,41.5,69.3,59.6,"COUNTY OF LETHBRIDGE","SOUTH"
"Z1.2.A.01","40-59 years",5579,3708,66.5,3359,60.2,79.5,73,"COUNTY OF LETHBRIDGE","SOUTH"
"Z1.2.A.01","60-74 years",3586,2983,83.2,2927,81.6,90.3,86.9,"COUNTY OF LETHBRIDGE","SOUTH"
"Z1.2.A.01","75+ years",1323,1143,86.4,1135,85.8,91.5,89.9,"COUNTY OF LETHBRIDGE","SOUTH"
"Z1.2.A.01","ALL years",25820,12614,48.9,11499,44.5,67.4,60.5,"COUNTY OF LETHBRIDGE","SOUTH"
"Z1.2.B.02","12-19 years",2624,740,28.2,652,24.8,70.3,61.1,"TABER MD","SOUTH"
"Z1.2.B.02","12+ years",15123,7455,49.3,6767,44.7,79.2,71.2,"TABER MD","SOUTH"
"Z1.2.B.02","20-39 years",5108,1701,33.3,1446,28.3,69.3,59.6,"TABER MD","SOUTH"
"Z1.2.B.02","40-59 years",4114,2335,56.8,2094,50.9,79.5,73,"TABER MD","SOUTH"
"Z1.2.B.02","60-74 years",2299,1800,78.3,1727,75.1,90.3,86.9,"TABER MD","SOUTH"
"Z1.2.B.02","75+ years",977,841,86,823,84.2,91.5,89.9,"TABER MD","SOUTH"
"Z1.2.B.02","ALL years",19028,7455,39.2,6767,35.6,67.4,60.5,"TABER MD","SOUTH"
"Z1.2.C.03","12-19 years",1470,640,43.5,525,35.7,70.3,61.1,"COUNTY OF WARNER","SOUTH"
"Z1.2.C.03","12+ years",9027,5521,61.2,4840,53.6,79.2,71.2,"COUNTY OF WARNER","SOUTH"
"Z1.2.C.03","20-39 years",2664,1243,46.7,982,36.9,69.3,59.6,"COUNTY OF WARNER","SOUTH"
"Z1.2.C.03","40-59 years",2283,1442,63.2,1268,55.5,79.5,73,"COUNTY OF WARNER","SOUTH"
"Z1.2.C.03","60-74 years",1821,1493,82,1381,75.9,90.3,86.9,"COUNTY OF WARNER","SOUTH"
"Z1.2.C.03","75+ years",790,664,84.1,658,83.3,91.5,89.9,"COUNTY OF WARNER","SOUTH"
"Z1.2.C.03","ALL years",11104,5521,49.7,4840,43.6,67.4,60.5,"COUNTY OF WARNER","SOUTH"
"Z1.2.C.04","12-19 years",867,159,18.3,126,14.5,70.3,61.1,"COUNTY OF FORTY MILE","SOUTH"
"Z1.2.C.04","12+ years",4936,2068,41.9,1842,37.3,79.2,71.2,"COUNTY OF FORTY MILE","SOUTH"
"Z1.2.C.04","20-39 years",1677,473,28.2,362,21.6,69.3,59.6,"COUNTY OF FORTY MILE","SOUTH"
"Z1.2.C.04","40-59 years",1218,569,46.7,537,44.1,79.5,73,"COUNTY OF FORTY MILE","SOUTH"
"Z1.2.C.04","60-74 years",830,587,70.7,549,66.2,90.3,86.9,"COUNTY OF FORTY MILE","SOUTH"
"Z1.2.C.04","75+ years",345,274,79.5,262,76,91.5,89.9,"COUNTY OF FORTY MILE","SOUTH"
"Z1.2.C.04","ALL years",6409,2068,32.3,1842,28.7,67.4,60.5,"COUNTY OF FORTY MILE","SOUTH"
"Z1.3.A.01","12-19 years",3267,1627,49.8,1320,40.4,70.3,61.1,"NEWELL","SOUTH"
"Z1.3.A.01","12+ years",23101,15065,65.2,13267,57.4,79.2,71.2,"NEWELL","SOUTH"
"Z1.3.A.01","20-39 years",7813,4306,55.1,3514,45,69.3,59.6,"NEWELL","SOUTH"
"Z1.3.A.01","40-59 years",7356,5108,69.4,4587,62.4,79.5,73,"NEWELL","SOUTH"
"Z1.3.A.01","60-74 years",3412,2876,84.3,2745,80.4,90.3,86.9,"NEWELL","SOUTH"
"Z1.3.A.01","75+ years",1253,1076,85.9,1058,84.4,91.5,89.9,"NEWELL","SOUTH"
"Z1.3.A.01","ALL years",27753,15065,54.3,13267,47.8,67.4,60.5,"NEWELL","SOUTH"
"Z1.3.B.02","12-19 years",328,131,40,101,30.8,70.3,61.1,"OYEN","SOUTH"
"Z1.3.B.02","12+ years",2972,1823,61.3,1617,54.4,79.2,71.2,"OYEN","SOUTH"
"Z1.3.B.02","20-39 years",767,343,44.7,282,36.8,69.3,59.6,"OYEN","SOUTH"
"Z1.3.B.02","40-59 years",838,505,60.2,425,50.7,79.5,73,"OYEN","SOUTH"
"Z1.3.B.02","60-74 years",726,579,79.7,544,74.9,90.3,86.9,"OYEN","SOUTH"
"Z1.3.B.02","75+ years",312,260,83.3,260,83.3,91.5,89.9,"OYEN","SOUTH"
"Z1.3.B.02","ALL years",3486,1823,52.3,1617,46.4,67.4,60.5,"OYEN","SOUTH"
"Z1.3.B.03","12-19 years",1265,626,49.5,511,40.4,70.3,61.1,"CYPRESS COUNTY","SOUTH"
"Z1.3.B.03","12+ years",9600,6308,65.7,5607,58.4,79.2,71.2,"CYPRESS COUNTY","SOUTH"
"Z1.3.B.03","20-39 years",2801,1553,55.4,1272,45.4,69.3,59.6,"CYPRESS COUNTY","SOUTH"
"Z1.3.B.03","40-59 years",3151,2198,69.7,1970,62.5,79.5,73,"CYPRESS COUNTY","SOUTH"
"Z1.3.B.03","60-74 years",1903,1519,79.8,1460,76.7,90.3,86.9,"CYPRESS COUNTY","SOUTH"
"Z1.3.B.03","75+ years",479,386,80.6,379,79.1,91.5,89.9,"CYPRESS COUNTY","SOUTH"
"Z1.3.B.03","ALL years",11298,6308,55.8,5607,49.6,67.4,60.5,"CYPRESS COUNTY","SOUTH"
"Z1.4.A.01","12-19 years",6316,3980,63,3357,53.2,70.3,61.1,"MEDICINE HAT","SOUTH"
"Z1.4.A.01","12+ years",59133,44041,74.5,39734,67.2,79.2,71.2,"MEDICINE HAT","SOUTH"
"Z1.4.A.01","20-39 years",17728,11055,62.4,9213,52,69.3,59.6,"MEDICINE HAT","SOUTH"
"Z1.4.A.01","40-59 years",17120,12749,74.5,11481,67.1,79.5,73,"MEDICINE HAT","SOUTH"
"Z1.4.A.01","60-74 years",12190,10786,88.5,10399,85.3,90.3,86.9,"MEDICINE HAT","SOUTH"
"Z1.4.A.01","75+ years",5779,5265,91.1,5146,89.1,91.5,89.9,"MEDICINE HAT","SOUTH"
"Z1.4.A.01","ALL years",68115,44041,64.7,39734,58.3,67.4,60.5,"MEDICINE HAT","SOUTH"
"Z1.5.A.01","12-19 years",3980,3283,82.5,2824,71,70.3,61.1,"LETHBRIDGE - WEST","SOUTH"
"Z1.5.A.01","12+ years",32091,27684,86.3,25393,79.1,79.2,71.2,"LETHBRIDGE - WEST","SOUTH"
"Z1.5.A.01","20-39 years",13363,10735,80.3,9424,70.5,69.3,59.6,"LETHBRIDGE - WEST","SOUTH"
"Z1.5.A.01","40-59 years",8526,7503,88,7114,83.4,79.5,73,"LETHBRIDGE - WEST","SOUTH"
"Z1.5.A.01","60-74 years",4712,4478,95,4406,93.5,90.3,86.9,"LETHBRIDGE - WEST","SOUTH"
"Z1.5.A.01","75+ years",1510,1486,98.4,1486,98.4,91.5,89.9,"LETHBRIDGE - WEST","SOUTH"
"Z1.5.A.01","ALL years",38163,27684,72.5,25393,66.5,67.4,60.5,"LETHBRIDGE - WEST","SOUTH"
"Z1.5.B.02","12-19 years",2462,1729,70.2,1470,59.7,70.3,61.1,"LETHBRIDGE - NORTH","SOUTH"
"Z1.5.B.02","12+ years",24136,19253,79.8,17467,72.4,79.2,71.2,"LETHBRIDGE - NORTH","SOUTH"
"Z1.5.B.02","20-39 years",8205,5712,69.6,4885,59.5,69.3,59.6,"LETHBRIDGE - NORTH","SOUTH"
"Z1.5.B.02","40-59 years",7065,5711,80.8,5237,74.1,79.5,73,"LETHBRIDGE - NORTH","SOUTH"
"Z1.5.B.02","60-74 years",4451,4160,93.5,3997,89.8,90.3,86.9,"LETHBRIDGE - NORTH","SOUTH"
"Z1.5.B.02","75+ years",1953,1832,93.8,1801,92.2,91.5,89.9,"LETHBRIDGE - NORTH","SOUTH"
"Z1.5.B.02","ALL years",27903,19253,69,17467,62.6,67.4,60.5,"LETHBRIDGE - NORTH","SOUTH"
"Z1.5.C.03","12-19 years",2585,1876,72.6,1663,64.3,70.3,61.1,"LETHBRIDGE - SOUTH","SOUTH"
"Z1.5.C.03","12+ years",30603,24629,80.5,22758,74.4,79.2,71.2,"LETHBRIDGE - SOUTH","SOUTH"
"Z1.5.C.03","20-39 years",9591,6535,68.1,5573,58.1,69.3,59.6,"LETHBRIDGE - SOUTH","SOUTH"
"Z1.5.C.03","40-59 years",7552,6125,81.1,5648,74.8,79.5,73,"LETHBRIDGE - SOUTH","SOUTH"
"Z1.5.C.03","60-74 years",6496,5905,90.9,5745,88.4,90.3,86.9,"LETHBRIDGE - SOUTH","SOUTH"
"Z1.5.C.03","75+ years",4380,4094,93.5,4078,93.1,91.5,89.9,"LETHBRIDGE - SOUTH","SOUTH"
"Z1.5.C.03","ALL years",34464,24629,71.5,22758,66,67.4,60.5,"LETHBRIDGE - SOUTH","SOUTH"
"Z2.1.A.01","12-19 years",12649,10682,84.4,9862,78,70.3,61.1,"CALGARY - UPPER NW","CALGARY"
"Z2.1.A.01","12+ years",106368,92065,86.6,86740,81.5,79.2,71.2,"CALGARY - UPPER NW","CALGARY"
"Z2.1.A.01","20-39 years",34306,27479,80.1,25002,72.9,69.3,59.6,"CALGARY - UPPER NW","CALGARY"
"Z2.1.A.01","40-59 years",34655,29910,86.3,28520,82.3,79.5,73,"CALGARY - UPPER NW","CALGARY"
"Z2.1.A.01","60-74 years",18400,17371,94.4,17001,92.4,90.3,86.9,"CALGARY - UPPER NW","CALGARY"
"Z2.1.A.01","75+ years",6358,5938,93.4,5872,92.4,91.5,89.9,"CALGARY - UPPER NW","CALGARY"
"Z2.1.A.01","ALL years",123679,92065,74.4,86740,70.1,67.4,60.5,"CALGARY - UPPER NW","CALGARY"
"Z2.1.B.02","12-19 years",12190,10393,85.3,9441,77.4,70.3,61.1,"CALGARY - NORTH","CALGARY"
"Z2.1.B.02","12+ years",97677,85556,87.6,79984,81.9,79.2,71.2,"CALGARY - NORTH","CALGARY"
"Z2.1.B.02","20-39 years",33559,27147,80.9,24497,73,69.3,59.6,"CALGARY - NORTH","CALGARY"
"Z2.1.B.02","40-59 years",33724,29974,88.9,28424,84.3,79.5,73,"CALGARY - NORTH","CALGARY"
"Z2.1.B.02","60-74 years",13973,13478,96.5,13242,94.8,90.3,86.9,"CALGARY - NORTH","CALGARY"
"Z2.1.B.02","75+ years",4231,3978,94,3955,93.5,91.5,89.9,"CALGARY - NORTH","CALGARY"
"Z2.1.B.02","ALL years",116945,85556,73.2,79984,68.4,67.4,60.5,"CALGARY - NORTH","CALGARY"
"Z2.1.C.03","12-19 years",5659,4734,83.6,4140,73.2,70.3,61.1,"CALGARY - NOSE HILL","CALGARY"
"Z2.1.C.03","12+ years",68028,57098,83.9,52044,76.5,79.2,71.2,"CALGARY - NOSE HILL","CALGARY"
"Z2.1.C.03","20-39 years",25284,19647,77.7,17247,68.2,69.3,59.6,"CALGARY - NOSE HILL","CALGARY"
"Z2.1.C.03","40-59 years",20792,17473,84,16002,77,79.5,73,"CALGARY - NOSE HILL","CALGARY"
"Z2.1.C.03","60-74 years",11347,10531,92.8,10086,88.9,90.3,86.9,"CALGARY - NOSE HILL","CALGARY"
"Z2.1.C.03","75+ years",4946,4455,90.1,4381,88.6,91.5,89.9,"CALGARY - NOSE HILL","CALGARY"
"Z2.1.C.03","ALL years",78021,57098,73.2,52044,66.7,67.4,60.5,"CALGARY - NOSE HILL","CALGARY"
"Z2.1.D.04","12-19 years",6617,5682,85.9,5187,78.4,70.3,61.1,"CALGARY - LOWER NW","CALGARY"
"Z2.1.D.04","12+ years",54432,48178,88.5,45065,82.8,79.2,71.2,"CALGARY - LOWER NW","CALGARY"
"Z2.1.D.04","20-39 years",16796,13721,81.7,12201,72.6,69.3,59.6,"CALGARY - LOWER NW","CALGARY"
"Z2.1.D.04","40-59 years",17295,15218,88,14458,83.6,79.5,73,"CALGARY - LOWER NW","CALGARY"
"Z2.1.D.04","60-74 years",9468,9012,95.2,8802,93,90.3,86.9,"CALGARY - LOWER NW","CALGARY"
"Z2.1.D.04","75+ years",4256,4200,98.7,4157,97.7,91.5,89.9,"CALGARY - LOWER NW","CALGARY"
"Z2.1.D.04","ALL years",62696,48178,76.8,45065,71.9,67.4,60.5,"CALGARY - LOWER NW","CALGARY"
"Z2.1.E.05","12-19 years",1301,961,73.9,842,64.7,70.3,61.1,"CALGARY - WEST BOW","CALGARY"
"Z2.1.E.05","12+ years",18677,15143,81.1,14119,75.6,79.2,71.2,"CALGARY - WEST BOW","CALGARY"
"Z2.1.E.05","20-39 years",6501,4956,76.2,4506,69.3,69.3,59.6,"CALGARY - WEST BOW","CALGARY"
"Z2.1.E.05","40-59 years",5542,4417,79.7,4148,74.8,79.5,73,"CALGARY - WEST BOW","CALGARY"
"Z2.1.E.05","60-74 years",3624,3225,89,3091,85.3,90.3,86.9,"CALGARY - WEST BOW","CALGARY"
"Z2.1.E.05","75+ years",1709,1533,89.7,1498,87.6,91.5,89.9,"CALGARY - WEST BOW","CALGARY"
"Z2.1.E.05","ALL years",21283,15143,71.2,14119,66.3,67.4,60.5,"CALGARY - WEST BOW","CALGARY"
"Z2.1.F.06","12-19 years",2582,2219,85.9,1972,76.4,70.3,61.1,"CALGARY - CENTRE NORTH","CALGARY"
"Z2.1.F.06","12+ years",39785,33760,84.9,31182,78.4,79.2,71.2,"CALGARY - CENTRE NORTH","CALGARY"
"Z2.1.F.06","20-39 years",15684,12804,81.6,11426,72.8,69.3,59.6,"CALGARY - CENTRE NORTH","CALGARY"
"Z2.1.F.06","40-59 years",12280,10174,82.9,9550,77.8,79.5,73,"CALGARY - CENTRE NORTH","CALGARY"
"Z2.1.F.06","60-74 years",6243,5703,91.3,5520,88.4,90.3,86.9,"CALGARY - CENTRE NORTH","CALGARY"
"Z2.1.F.06","75+ years",2995,2681,89.5,2591,86.5,91.5,89.9,"CALGARY - CENTRE NORTH","CALGARY"
"Z2.1.F.06","ALL years",44910,33760,75.2,31182,69.4,67.4,60.5,"CALGARY - CENTRE NORTH","CALGARY"
"Z2.2.A.01","12-19 years",12421,10911,87.8,9510,76.6,70.3,61.1,"CALGARY - UPPER NE","CALGARY"
"Z2.2.A.01","12+ years",98437,89378,90.8,78992,80.2,79.2,71.2,"CALGARY - UPPER NE","CALGARY"
"Z2.2.A.01","20-39 years",43098,37120,86.1,31086,72.1,69.3,59.6,"CALGARY - UPPER NE","CALGARY"
"Z2.2.A.01","40-59 years",28665,26817,93.6,24628,85.9,79.5,73,"CALGARY - UPPER NE","CALGARY"
"Z2.2.A.01","60-74 years",11167,11169,100,10628,95.2,90.3,86.9,"CALGARY - UPPER NE","CALGARY"
"Z2.2.A.01","75+ years",3086,2802,90.8,2759,89.4,91.5,89.9,"CALGARY - UPPER NE","CALGARY"
"Z2.2.A.01","ALL years",120999,89378,73.9,78992,65.3,67.4,60.5,"CALGARY - UPPER NE","CALGARY"
"Z2.2.B.02","12-19 years",9448,6766,71.6,5705,60.4,70.3,61.1,"CALGARY - LOWER NE","CALGARY"
"Z2.2.B.02","12+ years",81711,64644,79.1,57337,70.2,79.2,71.2,"CALGARY - LOWER NE","CALGARY"
"Z2.2.B.02","20-39 years",28938,19798,68.4,16338,56.5,69.3,59.6,"CALGARY - LOWER NE","CALGARY"
"Z2.2.B.02","40-59 years",25251,20714,82,18678,74,79.5,73,"CALGARY - LOWER NE","CALGARY"
"Z2.2.B.02","60-74 years",13643,12870,94.3,12324,90.3,90.3,86.9,"CALGARY - LOWER NE","CALGARY"
"Z2.2.B.02","75+ years",4431,4186,94.5,4094,92.4,91.5,89.9,"CALGARY - LOWER NE","CALGARY"
"Z2.2.B.02","ALL years",96472,64644,67,57337,59.4,67.4,60.5,"CALGARY - LOWER NE","CALGARY"
"Z2.3.A.01","12-19 years",6588,4474,67.9,3717,56.4,70.3,61.1,"CALGARY - EAST","CALGARY"
"Z2.3.A.01","12+ years",62912,47585,75.6,41935,66.7,79.2,71.2,"CALGARY - EAST","CALGARY"
"Z2.3.A.01","20-39 years",21357,13868,64.9,11365,53.2,69.3,59.6,"CALGARY - EAST","CALGARY"
"Z2.3.A.01","40-59 years",20843,16062,77.1,14336,68.8,79.5,73,"CALGARY - EAST","CALGARY"
"Z2.3.A.01","60-74 years",10681,9863,92.3,9329,87.3,90.3,86.9,"CALGARY - EAST","CALGARY"
"Z2.3.A.01","75+ years",3444,3127,90.8,3074,89.3,91.5,89.9,"CALGARY - EAST","CALGARY"
"Z2.3.A.01","ALL years",72509,47585,65.6,41935,57.8,67.4,60.5,"CALGARY - EAST","CALGARY"
"Z2.3.B.02","12-19 years",12372,10465,84.6,9565,77.3,70.3,61.1,"CALGARY - SE","CALGARY"
"Z2.3.B.02","12+ years",109371,93348,85.3,87081,79.6,79.2,71.2,"CALGARY - SE","CALGARY"
"Z2.3.B.02","20-39 years",41062,31708,77.2,28522,69.5,69.3,59.6,"CALGARY - SE","CALGARY"
"Z2.3.B.02","40-59 years",37644,32636,86.7,31085,82.6,79.5,73,"CALGARY - SE","CALGARY"
"Z2.3.B.02","60-74 years",14370,13919,96.9,13498,93.9,90.3,86.9,"CALGARY - SE","CALGARY"
"Z2.3.B.02","75+ years",3922,3890,99.2,3881,98.9,91.5,89.9,"CALGARY - SE","CALGARY"
"Z2.3.B.02","ALL years",134420,93348,69.4,87081,64.8,67.4,60.5,"CALGARY - SE","CALGARY"
"Z2.4.A.01","12-19 years",10184,8810,86.5,8126,79.8,70.3,61.1,"CALGARY - WEST","CALGARY"
"Z2.4.A.01","12+ years",78882,68427,86.7,64583,81.9,79.2,71.2,"CALGARY - WEST","CALGARY"
"Z2.4.A.01","20-39 years",22334,17727,79.4,16086,72,69.3,59.6,"CALGARY - WEST","CALGARY"
"Z2.4.A.01","40-59 years",28093,24196,86.1,23177,82.5,79.5,73,"CALGARY - WEST","CALGARY"
"Z2.4.A.01","60-74 years",13214,12343,93.4,12050,91.2,90.3,86.9,"CALGARY - WEST","CALGARY"
"Z2.4.A.01","75+ years",5058,4765,94.2,4732,93.6,91.5,89.9,"CALGARY - WEST","CALGARY"
"Z2.4.A.01","ALL years",92320,68427,74.1,64583,70,67.4,60.5,"CALGARY - WEST","CALGARY"
"Z2.4.B.02","12-19 years",2181,1698,77.8,1440,66,70.3,61.1,"CALGARY - CENTRE","CALGARY"
"Z2.4.B.02","12+ years",62359,50664,81.2,45568,73.1,79.2,71.2,"CALGARY - CENTRE","CALGARY"
"Z2.4.B.02","20-39 years",32324,26404,81.7,23386,72.3,69.3,59.6,"CALGARY - CENTRE","CALGARY"
"Z2.4.B.02","40-59 years",17045,13222,77.6,11819,69.3,79.5,73,"CALGARY - CENTRE","CALGARY"
"Z2.4.B.02","60-74 years",7882,6820,86.5,6487,82.3,90.3,86.9,"CALGARY - CENTRE","CALGARY"
"Z2.4.B.02","75+ years",2927,2442,83.4,2384,81.5,91.5,89.9,"CALGARY - CENTRE","CALGARY"
"Z2.4.B.02","ALL years",67568,50664,75,45568,67.4,67.4,60.5,"CALGARY - CENTRE","CALGARY"
"Z2.4.C.03","12-19 years",4802,4051,84.4,3642,75.8,70.3,61.1,"CALGARY - CENTRE WEST","CALGARY"
"Z2.4.C.03","12+ years",56896,48676,85.6,45087,79.2,79.2,71.2,"CALGARY - CENTRE WEST","CALGARY"
"Z2.4.C.03","20-39 years",21247,16944,79.7,15254,71.8,69.3,59.6,"CALGARY - CENTRE WEST","CALGARY"
"Z2.4.C.03","40-59 years",18384,15807,86,14755,80.3,79.5,73,"CALGARY - CENTRE WEST","CALGARY"
"Z2.4.C.03","60-74 years",8596,7998,93,7721,89.8,90.3,86.9,"CALGARY - CENTRE WEST","CALGARY"
"Z2.4.C.03","75+ years",3867,3611,93.4,3524,91.1,91.5,89.9,"CALGARY - CENTRE WEST","CALGARY"
"Z2.4.C.03","ALL years",65845,48676,73.9,45087,68.5,67.4,60.5,"CALGARY - CENTRE WEST","CALGARY"
"Z2.4.D.04","12-19 years",2995,2574,85.9,2312,77.2,70.3,61.1,"CALGARY - ELBOW","CALGARY"
"Z2.4.D.04","12+ years",36799,30866,83.9,28775,78.2,79.2,71.2,"CALGARY - ELBOW","CALGARY"
"Z2.4.D.04","20-39 years",11923,9051,75.9,7983,67,69.3,59.6,"CALGARY - ELBOW","CALGARY"
"Z2.4.D.04","40-59 years",10682,8835,82.7,8267,77.4,79.5,73,"CALGARY - ELBOW","CALGARY"
"Z2.4.D.04","60-74 years",7394,6870,92.9,6731,91,90.3,86.9,"CALGARY - ELBOW","CALGARY"
"Z2.4.D.04","75+ years",3805,3385,89,3369,88.5,91.5,89.9,"CALGARY - ELBOW","CALGARY"
"Z2.4.D.04","ALL years",40834,30866,75.6,28775,70.5,67.4,60.5,"CALGARY - ELBOW","CALGARY"
"Z2.4.E.05","12-19 years",8807,6827,77.5,6067,68.9,70.3,61.1,"CALGARY - FISH CREEK","CALGARY"
"Z2.4.E.05","12+ years",98116,81181,82.7,74992,76.4,79.2,71.2,"CALGARY - FISH CREEK","CALGARY"
"Z2.4.E.05","20-39 years",30885,22762,73.7,19879,64.4,69.3,59.6,"CALGARY - FISH CREEK","CALGARY"
"Z2.4.E.05","40-59 years",30114,24931,82.8,23170,76.9,79.5,73,"CALGARY - FISH CREEK","CALGARY"
"Z2.4.E.05","60-74 years",20290,18744,92.4,18219,89.8,90.3,86.9,"CALGARY - FISH CREEK","CALGARY"
"Z2.4.E.05","75+ years",8019,7517,93.7,7377,92,91.5,89.9,"CALGARY - FISH CREEK","CALGARY"
"Z2.4.E.05","ALL years",111574,81181,72.8,74992,67.2,67.4,60.5,"CALGARY - FISH CREEK","CALGARY"
"Z2.4.F.06","12-19 years",12468,10159,81.5,9091,72.9,70.3,61.1,"CALGARY - SW","CALGARY"
"Z2.4.F.06","12+ years",99671,84757,85,78727,79,79.2,71.2,"CALGARY - SW","CALGARY"
"Z2.4.F.06","20-39 years",32083,24957,77.8,22263,69.4,69.3,59.6,"CALGARY - SW","CALGARY"
"Z2.4.F.06","40-59 years",34673,29525,85.2,27867,80.4,79.5,73,"CALGARY - SW","CALGARY"
"Z2.4.F.06","60-74 years",14889,14168,95.2,13804,92.7,90.3,86.9,"CALGARY - SW","CALGARY"
"Z2.4.F.06","75+ years",5558,5375,96.7,5302,95.4,91.5,89.9,"CALGARY - SW","CALGARY"
"Z2.4.F.06","ALL years",116934,84757,72.5,78727,67.3,67.4,60.5,"CALGARY - SW","CALGARY"
"Z2.5.A.01","12-19 years",5567,3963,71.2,3427,61.6,70.3,61.1,"OKOTOKS-PRIDDIS","CALGARY"
"Z2.5.A.01","12+ years",39635,30671,77.4,28045,70.8,79.2,71.2,"OKOTOKS-PRIDDIS","CALGARY"
"Z2.5.A.01","20-39 years",10326,6534,63.3,5561,53.9,69.3,59.6,"OKOTOKS-PRIDDIS","CALGARY"
"Z2.5.A.01","40-59 years",13356,10339,77.4,9568,71.6,79.5,73,"OKOTOKS-PRIDDIS","CALGARY"
"Z2.5.A.01","60-74 years",7935,7209,90.8,6948,87.6,90.3,86.9,"OKOTOKS-PRIDDIS","CALGARY"
"Z2.5.A.01","75+ years",2450,2393,97.7,2378,97.1,91.5,89.9,"OKOTOKS-PRIDDIS","CALGARY"
"Z2.5.A.01","ALL years",46042,30671,66.6,28045,60.9,67.4,60.5,"OKOTOKS-PRIDDIS","CALGARY"
"Z2.5.B.02","12-19 years",762,401,52.6,325,42.6,70.3,61.1,"BLACK DIAMOND","CALGARY"
"Z2.5.B.02","12+ years",7647,5294,69.2,4703,61.5,79.2,71.2,"BLACK DIAMOND","CALGARY"
"Z2.5.B.02","20-39 years",1793,954,53.2,751,41.9,69.3,59.6,"BLACK DIAMOND","CALGARY"
"Z2.5.B.02","40-59 years",2338,1537,65.7,1350,57.7,79.5,73,"BLACK DIAMOND","CALGARY"
"Z2.5.B.02","60-74 years",2059,1753,85.1,1646,79.9,90.3,86.9,"BLACK DIAMOND","CALGARY"
"Z2.5.B.02","75+ years",694,624,89.9,612,88.1,91.5,89.9,"BLACK DIAMOND","CALGARY"
"Z2.5.B.02","ALL years",8769,5294,60.4,4703,53.6,67.4,60.5,"BLACK DIAMOND","CALGARY"
"Z2.5.B.03","12-19 years",2414,1449,60,1204,49.9,70.3,61.1,"HIGH RIVER","CALGARY"
"Z2.5.B.03","12+ years",20713,14868,71.8,13501,65.2,79.2,71.2,"HIGH RIVER","CALGARY"
"Z2.5.B.03","20-39 years",5187,2925,56.4,2395,46.2,69.3,59.6,"HIGH RIVER","CALGARY"
"Z2.5.B.03","40-59 years",6088,4338,71.3,3942,64.7,79.5,73,"HIGH RIVER","CALGARY"
"Z2.5.B.03","60-74 years",4743,3971,83.7,3821,80.6,90.3,86.9,"HIGH RIVER","CALGARY"
"Z2.5.B.03","75+ years",2280,2123,93.1,2097,92,91.5,89.9,"HIGH RIVER","CALGARY"
"Z2.5.B.03","ALL years",23739,14868,62.6,13501,56.9,67.4,60.5,"HIGH RIVER","CALGARY"
"Z2.5.C.04","12-19 years",470,249,53,205,43.6,70.3,61.1,"CLARESHOLM","CALGARY"
"Z2.5.C.04","12+ years",5562,3932,70.7,3585,64.5,79.2,71.2,"CLARESHOLM","CALGARY"
"Z2.5.C.04","20-39 years",1255,644,51.3,519,41.4,69.3,59.6,"CLARESHOLM","CALGARY"
"Z2.5.C.04","40-59 years",1509,999,66.2,888,58.8,79.5,73,"CLARESHOLM","CALGARY"
"Z2.5.C.04","60-74 years",1510,1291,85.5,1244,82.4,90.3,86.9,"CLARESHOLM","CALGARY"
"Z2.5.C.04","75+ years",818,730,89.2,716,87.5,91.5,89.9,"CLARESHOLM","CALGARY"
"Z2.5.C.04","ALL years",6246,3932,63,3585,57.4,67.4,60.5,"CLARESHOLM","CALGARY"
"Z2.5.C.05","12-19 years",717,257,35.9,212,29.6,70.3,61.1,"VULCAN","CALGARY"
"Z2.5.C.05","12+ years",5829,3473,59.6,3214,55.1,79.2,71.2,"VULCAN","CALGARY"
"Z2.5.C.05","20-39 years",1471,583,39.6,505,34.3,69.3,59.6,"VULCAN","CALGARY"
"Z2.5.C.05","40-59 years",1513,885,58.5,794,52.5,79.5,73,"VULCAN","CALGARY"
"Z2.5.C.05","60-74 years",1470,1169,79.6,1143,77.8,90.3,86.9,"VULCAN","CALGARY"
"Z2.5.C.05","75+ years",658,566,86.1,552,83.9,91.5,89.9,"VULCAN","CALGARY"
"Z2.5.C.05","ALL years",6775,3473,51.3,3214,47.4,67.4,60.5,"VULCAN","CALGARY"
"Z2.6.A.01","12-19 years",7732,5867,75.9,5111,66.1,70.3,61.1,"AIRDRIE","CALGARY"
"Z2.6.A.01","12+ years",59566,47145,79.1,42538,71.4,79.2,71.2,"AIRDRIE","CALGARY"
"Z2.6.A.01","20-39 years",21827,15072,69.1,12898,59.1,69.3,59.6,"AIRDRIE","CALGARY"
"Z2.6.A.01","40-59 years",19629,16047,81.8,14842,75.6,79.5,73,"AIRDRIE","CALGARY"
"Z2.6.A.01","60-74 years",8273,7831,94.7,7498,90.6,90.3,86.9,"AIRDRIE","CALGARY"
"Z2.6.A.01","75+ years",2105,1938,92.1,1940,92.2,91.5,89.9,"AIRDRIE","CALGARY"
"Z2.6.A.01","ALL years",73698,47145,64,42538,57.7,67.4,60.5,"AIRDRIE","CALGARY"
"Z2.6.B.02","12-19 years",2919,2293,78.6,2035,69.7,70.3,61.1,"CHESTERMERE","CALGARY"
"Z2.6.B.02","12+ years",21021,17530,83.4,15979,76,79.2,71.2,"CHESTERMERE","CALGARY"
"Z2.6.B.02","20-39 years",6459,4847,75,4220,65.3,69.3,59.6,"CHESTERMERE","CALGARY"
"Z2.6.B.02","40-59 years",7138,6026,84.4,5544,77.7,79.5,73,"CHESTERMERE","CALGARY"
"Z2.6.B.02","60-74 years",3422,3175,92.8,3048,89.1,90.3,86.9,"CHESTERMERE","CALGARY"
"Z2.6.B.02","75+ years",1083,1059,97.8,1036,95.6,91.5,89.9,"CHESTERMERE","CALGARY"
"Z2.6.B.02","ALL years",25015,17530,70.1,15979,63.9,67.4,60.5,"CHESTERMERE","CALGARY"
"Z2.6.C.03","12-19 years",4133,2760,66.8,2271,54.9,70.3,61.1,"STRATHMORE","CALGARY"
"Z2.6.C.03","12+ years",30184,22349,74,19877,65.9,79.2,71.2,"STRATHMORE","CALGARY"
"Z2.6.C.03","20-39 years",8831,5440,61.6,4505,51,69.3,59.6,"STRATHMORE","CALGARY"
"Z2.6.C.03","40-59 years",9944,7521,75.6,6779,68.2,79.5,73,"STRATHMORE","CALGARY"
"Z2.6.C.03","60-74 years",5378,4702,87.4,4493,83.5,90.3,86.9,"STRATHMORE","CALGARY"
"Z2.6.C.03","75+ years",1897,1748,92.1,1709,90.1,91.5,89.9,"STRATHMORE","CALGARY"
"Z2.6.C.03","ALL years",35685,22349,62.6,19877,55.7,67.4,60.5,"STRATHMORE","CALGARY"
"Z2.6.C.04","12-19 years",876,503,57.4,419,47.8,70.3,61.1,"CROSSFIELD","CALGARY"
"Z2.6.C.04","12+ years",7908,5180,65.5,4702,59.5,79.2,71.2,"CROSSFIELD","CALGARY"
"Z2.6.C.04","20-39 years",2232,1149,51.5,959,43,69.3,59.6,"CROSSFIELD","CALGARY"
"Z2.6.C.04","40-59 years",2574,1696,65.9,1539,59.8,79.5,73,"CROSSFIELD","CALGARY"
"Z2.6.C.04","60-74 years",1743,1395,80,1357,77.8,90.3,86.9,"CROSSFIELD","CALGARY"
"Z2.6.C.04","75+ years",482,407,84.4,408,84.6,91.5,89.9,"CROSSFIELD","CALGARY"
"Z2.6.C.04","ALL years",9164,5180,56.5,4702,51.3,67.4,60.5,"CROSSFIELD","CALGARY"
"Z2.6.C.05","12-19 years",1656,828,50,703,42.4,70.3,61.1,"DIDSBURY","CALGARY"
"Z2.6.C.05","12+ years",14099,9349,66.3,8404,59.6,79.2,71.2,"DIDSBURY","CALGARY"
"Z2.6.C.05","20-39 years",3607,1774,49.2,1437,39.8,69.3,59.6,"DIDSBURY","CALGARY"
"Z2.6.C.05","40-59 years",4440,2882,64.9,2585,58.2,79.5,73,"DIDSBURY","CALGARY"
"Z2.6.C.05","60-74 years",3217,2690,83.6,2540,79,90.3,86.9,"DIDSBURY","CALGARY"
"Z2.6.C.05","75+ years",1178,1112,94.4,1098,93.2,91.5,89.9,"DIDSBURY","CALGARY"
"Z2.6.C.05","ALL years",16475,9349,56.7,8404,51,67.4,60.5,"DIDSBURY","CALGARY"
"Z2.7.A.01","12-19 years",5229,3942,75.4,3488,66.7,70.3,61.1,"COCHRANE-SPRINGBANK","CALGARY"
"Z2.7.A.01","12+ years",43490,35201,80.9,32484,74.7,79.2,71.2,"COCHRANE-SPRINGBANK","CALGARY"
"Z2.7.A.01","20-39 years",12307,8737,71,7612,61.9,69.3,59.6,"COCHRANE-SPRINGBANK","CALGARY"
"Z2.7.A.01","40-59 years",13975,11325,81,10568,75.6,79.5,73,"COCHRANE-SPRINGBANK","CALGARY"
"Z2.7.A.01","60-74 years",9234,8328,90.2,8033,87,90.3,86.9,"COCHRANE-SPRINGBANK","CALGARY"
"Z2.7.A.01","75+ years",2744,2638,96.1,2629,95.8,91.5,89.9,"COCHRANE-SPRINGBANK","CALGARY"
"Z2.7.A.01","ALL years",50816,35201,69.3,32484,63.9,67.4,60.5,"COCHRANE-SPRINGBANK","CALGARY"
"Z2.7.B.02","12-19 years",2491,2133,85.6,1772,71.1,70.3,61.1,"CANMORE","CALGARY"
"Z2.7.B.02","12+ years",24091,20288,84.2,17982,74.6,79.2,71.2,"CANMORE","CALGARY"
"Z2.7.B.02","20-39 years",8313,6269,75.4,5161,62.1,69.3,59.6,"CANMORE","CALGARY"
"Z2.7.B.02","40-59 years",7614,6418,84.3,5820,76.4,79.5,73,"CANMORE","CALGARY"
"Z2.7.B.02","60-74 years",4475,4198,93.8,4013,89.7,90.3,86.9,"CANMORE","CALGARY"
"Z2.7.B.02","75+ years",1197,1146,95.7,1139,95.2,91.5,89.9,"CANMORE","CALGARY"
"Z2.7.B.02","ALL years",27674,20288,73.3,17982,65,67.4,60.5,"CANMORE","CALGARY"
"Z2.7.B.03","12-19 years",697,571,82,457,65.6,70.3,61.1,"BANFF","CALGARY"
"Z2.7.B.03","12+ years",12678,9254,73,7855,62,79.2,71.2,"BANFF","CALGARY"
"Z2.7.B.03","20-39 years",7720,5074,65.7,4022,52.1,69.3,59.6,"BANFF","CALGARY"
"Z2.7.B.03","40-59 years",2933,2391,81.5,2178,74.3,79.5,73,"BANFF","CALGARY"
"Z2.7.B.03","60-74 years",1035,927,89.6,914,88.3,90.3,86.9,"BANFF","CALGARY"
"Z2.7.B.03","75+ years",294,268,91.2,270,91.9,91.5,89.9,"BANFF","CALGARY"
"Z2.7.B.03","ALL years",13451,9254,68.8,7855,58.4,67.4,60.5,"BANFF","CALGARY"
"Z3.1.A.01","12-19 years",2146,849,39.6,695,32.4,70.3,61.1,"ROCKY MOUNTAIN HOUSE","CENTRAL"
"Z3.1.A.01","12+ years",17407,10168,58.4,8976,51.6,79.2,71.2,"ROCKY MOUNTAIN HOUSE","CENTRAL"
"Z3.1.A.01","20-39 years",5146,2107,40.9,1667,32.4,69.3,59.6,"ROCKY MOUNTAIN HOUSE","CENTRAL"
"Z3.1.A.01","40-59 years",5256,3177,60.4,2766,52.6,79.5,73,"ROCKY MOUNTAIN HOUSE","CENTRAL"
"Z3.1.A.01","60-74 years",3511,2823,80.4,2680,76.3,90.3,86.9,"ROCKY MOUNTAIN HOUSE","CENTRAL"
"Z3.1.A.01","75+ years",1348,1176,87.2,1149,85.2,91.5,89.9,"ROCKY MOUNTAIN HOUSE","CENTRAL"
"Z3.1.A.01","ALL years",20389,10168,49.9,8976,44,67.4,60.5,"ROCKY MOUNTAIN HOUSE","CENTRAL"
"Z3.1.B.02","12-19 years",1821,730,40.1,537,29.5,70.3,61.1,"DRAYTON VALLEY","CENTRAL"
"Z3.1.B.02","12+ years",15370,8576,55.8,7487,48.7,79.2,71.2,"DRAYTON VALLEY","CENTRAL"
"Z3.1.B.02","20-39 years",4752,1860,39.1,1461,30.7,69.3,59.6,"DRAYTON VALLEY","CENTRAL"
"Z3.1.B.02","40-59 years",4830,2708,56.1,2379,49.3,79.5,73,"DRAYTON VALLEY","CENTRAL"
"Z3.1.B.02","60-74 years",2905,2335,80.4,2210,76.1,90.3,86.9,"DRAYTON VALLEY","CENTRAL"
"Z3.1.B.02","75+ years",1062,911,85.8,879,82.8,91.5,89.9,"DRAYTON VALLEY","CENTRAL"
"Z3.1.B.02","ALL years",18075,8576,47.4,7487,41.4,67.4,60.5,"DRAYTON VALLEY","CENTRAL"
"Z3.2.A.01","12-19 years",633,245,38.7,211,33.3,70.3,61.1,"SUNDRE","CENTRAL"
"Z3.2.A.01","12+ years",6039,3601,59.6,3270,54.1,79.2,71.2,"SUNDRE","CENTRAL"
"Z3.2.A.01","20-39 years",1424,559,39.3,424,29.8,69.3,59.6,"SUNDRE","CENTRAL"
"Z3.2.A.01","40-59 years",1767,1010,57.2,883,50,79.5,73,"SUNDRE","CENTRAL"
"Z3.2.A.01","60-74 years",1587,1241,78.2,1214,76.5,90.3,86.9,"SUNDRE","CENTRAL"
"Z3.2.A.01","75+ years",628,540,85.9,536,85.3,91.5,89.9,"SUNDRE","CENTRAL"
"Z3.2.A.01","ALL years",6782,3601,53.1,3270,48.2,67.4,60.5,"SUNDRE","CENTRAL"
"Z3.2.A.02","12-19 years",1159,678,58.5,535,46.2,70.3,61.1,"OLDS","CENTRAL"
"Z3.2.A.02","12+ years",10997,7795,70.9,7012,63.8,79.2,71.2,"OLDS","CENTRAL"
"Z3.2.A.02","20-39 years",3171,1808,57,1483,46.8,69.3,59.6,"OLDS","CENTRAL"
"Z3.2.A.02","40-59 years",3112,2196,70.6,1956,62.8,79.5,73,"OLDS","CENTRAL"
"Z3.2.A.02","60-74 years",2231,1938,86.9,1876,84.1,90.3,86.9,"OLDS","CENTRAL"
"Z3.2.A.02","75+ years",1324,1151,87,1143,86.3,91.5,89.9,"OLDS","CENTRAL"
"Z3.2.A.02","ALL years",12597,7795,61.9,7012,55.7,67.4,60.5,"OLDS","CENTRAL"
"Z3.2.B.03","12-19 years",1470,771,52.4,649,44.1,70.3,61.1,"INNISFAIL","CENTRAL"
"Z3.2.B.03","12+ years",14040,10197,72.6,9219,65.7,79.2,71.2,"INNISFAIL","CENTRAL"
"Z3.2.B.03","20-39 years",3792,2156,56.9,1788,47.1,69.3,59.6,"INNISFAIL","CENTRAL"
"Z3.2.B.03","40-59 years",4159,3116,74.9,2758,66.3,79.5,73,"INNISFAIL","CENTRAL"
"Z3.2.B.03","60-74 years",3187,2802,87.9,2699,84.7,90.3,86.9,"INNISFAIL","CENTRAL"
"Z3.2.B.03","75+ years",1432,1324,92.5,1300,90.8,91.5,89.9,"INNISFAIL","CENTRAL"
"Z3.2.B.03","ALL years",15939,10197,64,9219,57.8,67.4,60.5,"INNISFAIL","CENTRAL"
"Z3.2.C.04","12-19 years",2739,1415,51.7,1146,41.8,70.3,61.1,"RED DEER COUNTY","CENTRAL"
"Z3.2.C.04","12+ years",24510,14795,60.4,13114,53.5,79.2,71.2,"RED DEER COUNTY","CENTRAL"
"Z3.2.C.04","20-39 years",8731,4040,46.3,3282,37.6,69.3,59.6,"RED DEER COUNTY","CENTRAL"
"Z3.2.C.04","40-59 years",7394,4669,63.1,4168,56.4,79.5,73,"RED DEER COUNTY","CENTRAL"
"Z3.2.C.04","60-74 years",4347,3460,79.6,3324,76.5,90.3,86.9,"RED DEER COUNTY","CENTRAL"
"Z3.2.C.04","75+ years",1299,1149,88.4,1143,88,91.5,89.9,"RED DEER COUNTY","CENTRAL"
"Z3.2.C.04","ALL years",29495,14795,50.2,13114,44.5,67.4,60.5,"RED DEER COUNTY","CENTRAL"
"Z3.2.C.05","12-19 years",1853,923,49.8,762,41.1,70.3,61.1,"SYLVAN LAKE","CENTRAL"
"Z3.2.C.05","12+ years",15072,9072,60.2,7890,52.3,79.2,71.2,"SYLVAN LAKE","CENTRAL"
"Z3.2.C.05","20-39 years",5654,2585,45.7,2020,35.7,69.3,59.6,"SYLVAN LAKE","CENTRAL"
"Z3.2.C.05","40-59 years",4664,3042,65.2,2674,57.3,79.5,73,"SYLVAN LAKE","CENTRAL"
"Z3.2.C.05","60-74 years",2283,1903,83.3,1842,80.7,90.3,86.9,"SYLVAN LAKE","CENTRAL"
"Z3.2.C.05","75+ years",617,564,91.4,556,90.1,91.5,89.9,"SYLVAN LAKE","CENTRAL"
"Z3.2.C.05","ALL years",18013,9072,50.4,7890,43.8,67.4,60.5,"SYLVAN LAKE","CENTRAL"
"Z3.3.A.01","12-19 years",1125,511,45.4,376,33.4,70.3,61.1,"THREE HILLS/HIGHWAY 21","CENTRAL"
"Z3.3.A.01","12+ years",9283,5747,61.9,5012,54,79.2,71.2,"THREE HILLS/HIGHWAY 21","CENTRAL"
"Z3.3.A.01","20-39 years",2484,1203,48.4,966,38.9,69.3,59.6,"THREE HILLS/HIGHWAY 21","CENTRAL"
"Z3.3.A.01","40-59 years",2670,1639,61.4,1443,54,79.5,73,"THREE HILLS/HIGHWAY 21","CENTRAL"
"Z3.3.A.01","60-74 years",2007,1570,78.2,1438,71.6,90.3,86.9,"THREE HILLS/HIGHWAY 21","CENTRAL"
"Z3.3.A.01","75+ years",997,797,79.9,767,76.9,91.5,89.9,"THREE HILLS/HIGHWAY 21","CENTRAL"
"Z3.3.A.01","ALL years",10816,5747,53.1,5012,46.3,67.4,60.5,"THREE HILLS/HIGHWAY 21","CENTRAL"
"Z3.3.A.02","12-19 years",1126,652,57.9,526,46.7,70.3,61.1,"STARLAND COUNTY/DRUMHELLER","CENTRAL"
"Z3.3.A.02","12+ years",10333,7602,73.6,6727,65.1,79.2,71.2,"STARLAND COUNTY/DRUMHELLER","CENTRAL"
"Z3.3.A.02","20-39 years",2844,1837,64.6,1529,53.8,69.3,59.6,"STARLAND COUNTY/DRUMHELLER","CENTRAL"
"Z3.3.A.02","40-59 years",3100,2222,71.7,1940,62.6,79.5,73,"STARLAND COUNTY/DRUMHELLER","CENTRAL"
"Z3.3.A.02","60-74 years",2316,1996,86.2,1860,80.3,90.3,86.9,"STARLAND COUNTY/DRUMHELLER","CENTRAL"
"Z3.3.A.02","75+ years",947,872,92.1,861,90.9,91.5,89.9,"STARLAND COUNTY/DRUMHELLER","CENTRAL"
"Z3.3.A.02","ALL years",11802,7602,64.4,6727,57,67.4,60.5,"STARLAND COUNTY/DRUMHELLER","CENTRAL"
"Z3.3.A.04","12-19 years",341,135,39.6,117,34.3,70.3,61.1,"PLANNING & SPECIAL AREA 2","CENTRAL"
"Z3.3.A.04","12+ years",3232,1986,61.4,1773,54.9,79.2,71.2,"PLANNING & SPECIAL AREA 2","CENTRAL"
"Z3.3.A.04","20-39 years",776,358,46.1,268,34.5,69.3,59.6,"PLANNING & SPECIAL AREA 2","CENTRAL"
"Z3.3.A.04","40-59 years",959,582,60.7,511,53.3,79.5,73,"PLANNING & SPECIAL AREA 2","CENTRAL"
"Z3.3.A.04","60-74 years",781,573,73.3,547,70,90.3,86.9,"PLANNING & SPECIAL AREA 2","CENTRAL"
"Z3.3.A.04","75+ years",374,332,88.7,326,87.1,91.5,89.9,"PLANNING & SPECIAL AREA 2","CENTRAL"
"Z3.3.A.04","ALL years",3648,1986,54.4,1773,48.6,67.4,60.5,"PLANNING & SPECIAL AREA 2","CENTRAL"
"Z3.3.B.03","12-19 years",1183,504,42.6,408,34.5,70.3,61.1,"STETTLER & COUNTY","CENTRAL"
"Z3.3.B.03","12+ years",10670,6412,60.1,5819,54.5,79.2,71.2,"STETTLER & COUNTY","CENTRAL"
"Z3.3.B.03","20-39 years",3021,1264,41.8,1034,34.2,69.3,59.6,"STETTLER & COUNTY","CENTRAL"
"Z3.3.B.03","40-59 years",3021,1833,60.7,1662,55,79.5,73,"STETTLER & COUNTY","CENTRAL"
"Z3.3.B.03","60-74 years",2312,1806,78.1,1738,75.2,90.3,86.9,"STETTLER & COUNTY","CENTRAL"
"Z3.3.B.03","75+ years",1131,986,87.1,965,85.3,91.5,89.9,"STETTLER & COUNTY","CENTRAL"
"Z3.3.B.03","ALL years",12520,6412,51.2,5819,46.5,67.4,60.5,"STETTLER & COUNTY","CENTRAL"
"Z3.3.B.05","12-19 years",666,269,40.4,212,31.8,70.3,61.1,"CASTOR/CORONATION/CONSORT","CENTRAL"
"Z3.3.B.05","12+ years",5266,3058,58.1,2770,52.6,79.2,71.2,"CASTOR/CORONATION/CONSORT","CENTRAL"
"Z3.3.B.05","20-39 years",1389,587,42.3,487,35.1,69.3,59.6,"CASTOR/CORONATION/CONSORT","CENTRAL"
"Z3.3.B.05","40-59 years",1520,847,55.7,745,49,79.5,73,"CASTOR/CORONATION/CONSORT","CENTRAL"
"Z3.3.B.05","60-74 years",1173,924,78.8,910,77.6,90.3,86.9,"CASTOR/CORONATION/CONSORT","CENTRAL"
"Z3.3.B.05","75+ years",518,419,80.9,409,79,91.5,89.9,"CASTOR/CORONATION/CONSORT","CENTRAL"
"Z3.3.B.05","ALL years",6160,3058,49.6,2770,45,67.4,60.5,"CASTOR/CORONATION/CONSORT","CENTRAL"
"Z3.4.A.01","12-19 years",3849,1901,49.4,1431,37.2,70.3,61.1,"WETASKIWIN COUNTY","CENTRAL"
"Z3.4.A.01","12+ years",27993,18380,65.7,16083,57.5,79.2,71.2,"WETASKIWIN COUNTY","CENTRAL"
"Z3.4.A.01","20-39 years",8372,4276,51.1,3410,40.7,69.3,59.6,"WETASKIWIN COUNTY","CENTRAL"
"Z3.4.A.01","40-59 years",7865,5422,68.9,4736,60.2,79.5,73,"WETASKIWIN COUNTY","CENTRAL"
"Z3.4.A.01","60-74 years",5542,4550,82.1,4341,78.3,90.3,86.9,"WETASKIWIN COUNTY","CENTRAL"
"Z3.4.A.01","75+ years",2365,2136,90.3,2108,89.2,91.5,89.9,"WETASKIWIN COUNTY","CENTRAL"
"Z3.4.A.01","ALL years",33715,18380,54.5,16083,47.7,67.4,60.5,"WETASKIWIN COUNTY","CENTRAL"
"Z3.4.B.02","12-19 years",1197,517,43.2,428,35.7,70.3,61.1,"PONOKA","CENTRAL"
"Z3.4.B.02","12+ years",10503,6672,63.5,5991,57,79.2,71.2,"PONOKA","CENTRAL"
"Z3.4.B.02","20-39 years",3182,1512,47.5,1256,39.5,69.3,59.6,"PONOKA","CENTRAL"
"Z3.4.B.02","40-59 years",2983,2028,68,1786,59.9,79.5,73,"PONOKA","CENTRAL"
"Z3.4.B.02","60-74 years",2142,1734,80.9,1653,77.2,90.3,86.9,"PONOKA","CENTRAL"
"Z3.4.B.02","75+ years",998,864,86.6,858,86,91.5,89.9,"PONOKA","CENTRAL"
"Z3.4.B.02","ALL years",12399,6672,53.8,5991,48.3,67.4,60.5,"PONOKA","CENTRAL"
"Z3.4.B.03","12-19 years",890,349,39.2,285,32,70.3,61.1,"RIMBEY","CENTRAL"
"Z3.4.B.03","12+ years",8661,4988,57.6,4505,52,79.2,71.2,"RIMBEY","CENTRAL"
"Z3.4.B.03","20-39 years",2214,810,36.6,648,29.3,69.3,59.6,"RIMBEY","CENTRAL"
"Z3.4.B.03","40-59 years",2474,1318,53.3,1157,46.8,79.5,73,"RIMBEY","CENTRAL"
"Z3.4.B.03","60-74 years",2174,1716,78.9,1641,75.5,90.3,86.9,"RIMBEY","CENTRAL"
"Z3.4.B.03","75+ years",910,774,85.1,760,83.5,91.5,89.9,"RIMBEY","CENTRAL"
"Z3.4.B.03","ALL years",10013,4988,49.8,4505,45,67.4,60.5,"RIMBEY","CENTRAL"
"Z3.4.B.04","12-19 years",2417,1202,49.7,953,39.4,70.3,61.1,"LACOMBE","CENTRAL"
"Z3.4.B.04","12+ years",19927,12818,64.3,11445,57.4,79.2,71.2,"LACOMBE","CENTRAL"
"Z3.4.B.04","20-39 years",6112,3043,49.8,2492,40.8,69.3,59.6,"LACOMBE","CENTRAL"
"Z3.4.B.04","40-59 years",5814,3881,66.8,3485,59.9,79.5,73,"LACOMBE","CENTRAL"
"Z3.4.B.04","60-74 years",3945,3191,80.9,3065,77.7,90.3,86.9,"LACOMBE","CENTRAL"
"Z3.4.B.04","75+ years",1639,1436,87.6,1410,86,91.5,89.9,"LACOMBE","CENTRAL"
"Z3.4.B.04","ALL years",23417,12818,54.7,11445,48.9,67.4,60.5,"LACOMBE","CENTRAL"
"Z3.5.A.01","12-19 years",2723,1699,62.4,1447,53.1,70.3,61.1,"CAMROSE & COUNTY","CENTRAL"
"Z3.5.A.01","12+ years",26001,19250,74,17650,67.9,79.2,71.2,"CAMROSE & COUNTY","CENTRAL"
"Z3.5.A.01","20-39 years",7569,4525,59.8,3864,51.1,69.3,59.6,"CAMROSE & COUNTY","CENTRAL"
"Z3.5.A.01","40-59 years",7205,5354,74.3,4844,67.2,79.5,73,"CAMROSE & COUNTY","CENTRAL"
"Z3.5.A.01","60-74 years",5568,4835,86.8,4719,84.8,90.3,86.9,"CAMROSE & COUNTY","CENTRAL"
"Z3.5.A.01","75+ years",2937,2737,93.2,2703,92,91.5,89.9,"CAMROSE & COUNTY","CENTRAL"
"Z3.5.A.01","ALL years",30125,19250,63.9,17650,58.6,67.4,60.5,"CAMROSE & COUNTY","CENTRAL"
"Z3.5.B.02","12-19 years",725,364,50.2,311,42.9,70.3,61.1,"TOFIELD","CENTRAL"
"Z3.5.B.02","12+ years",6696,4494,67.1,4061,60.6,79.2,71.2,"TOFIELD","CENTRAL"
"Z3.5.B.02","20-39 years",1797,969,53.9,827,46,69.3,59.6,"TOFIELD","CENTRAL"
"Z3.5.B.02","40-59 years",2038,1357,66.6,1206,59.2,79.5,73,"TOFIELD","CENTRAL"
"Z3.5.B.02","60-74 years",1527,1274,83.4,1205,78.9,90.3,86.9,"TOFIELD","CENTRAL"
"Z3.5.B.02","75+ years",609,516,84.8,503,82.6,91.5,89.9,"TOFIELD","CENTRAL"
"Z3.5.B.02","ALL years",7797,4494,57.6,4061,52.1,67.4,60.5,"TOFIELD","CENTRAL"
"Z3.5.B.03","12-19 years",211,115,54.4,103,48.8,70.3,61.1,"VIKING","CENTRAL"
"Z3.5.B.03","12+ years",2078,1437,69.1,1321,63.6,79.2,71.2,"VIKING","CENTRAL"
"Z3.5.B.03","20-39 years",497,283,57,247,49.7,69.3,59.6,"VIKING","CENTRAL"
"Z3.5.B.03","40-59 years",582,385,66.1,350,60.1,79.5,73,"VIKING","CENTRAL"
"Z3.5.B.03","60-74 years",504,402,79.7,380,75.3,90.3,86.9,"VIKING","CENTRAL"
"Z3.5.B.03","75+ years",283,246,86.8,238,84,91.5,89.9,"VIKING","CENTRAL"
"Z3.5.B.03","ALL years",2351,1437,61.1,1321,56.2,67.4,60.5,"VIKING","CENTRAL"
"Z3.5.B.04","12-19 years",818,456,55.8,392,47.9,70.3,61.1,"FLAGSTAFF COUNTY","CENTRAL"
"Z3.5.B.04","12+ years",7364,5199,70.6,4738,64.3,79.2,71.2,"FLAGSTAFF COUNTY","CENTRAL"
"Z3.5.B.04","20-39 years",1831,970,53,808,44.1,69.3,59.6,"FLAGSTAFF COUNTY","CENTRAL"
"Z3.5.B.04","40-59 years",2121,1457,68.7,1312,61.9,79.5,73,"FLAGSTAFF COUNTY","CENTRAL"
"Z3.5.B.04","60-74 years",1767,1553,87.9,1484,84,90.3,86.9,"FLAGSTAFF COUNTY","CENTRAL"
"Z3.5.B.04","75+ years",827,745,90.1,731,88.4,91.5,89.9,"FLAGSTAFF COUNTY","CENTRAL"
"Z3.5.B.04","ALL years",8426,5199,61.7,4738,56.2,67.4,60.5,"FLAGSTAFF COUNTY","CENTRAL"
"Z3.5.C.05","12-19 years",548,320,58.4,276,50.3,70.3,61.1,"MD OF PROVOST","CENTRAL"
"Z3.5.C.05","12+ years",4184,2814,67.3,2473,59.1,79.2,71.2,"MD OF PROVOST","CENTRAL"
"Z3.5.C.05","20-39 years",1229,624,50.8,481,39.1,69.3,59.6,"MD OF PROVOST","CENTRAL"
"Z3.5.C.05","40-59 years",1260,879,69.8,765,60.7,79.5,73,"MD OF PROVOST","CENTRAL"
"Z3.5.C.05","60-74 years",772,649,84,622,80.5,90.3,86.9,"MD OF PROVOST","CENTRAL"
"Z3.5.C.05","75+ years",374,329,87.9,322,86.1,91.5,89.9,"MD OF PROVOST","CENTRAL"
"Z3.5.C.05","ALL years",4860,2814,57.9,2473,50.9,67.4,60.5,"MD OF PROVOST","CENTRAL"
"Z3.5.C.06","12-19 years",1253,765,61,661,52.7,70.3,61.1,"MD OF WAINWRIGHT","CENTRAL"
"Z3.5.C.06","12+ years",10015,7274,72.6,6542,65.3,79.2,71.2,"MD OF WAINWRIGHT","CENTRAL"
"Z3.5.C.06","20-39 years",3184,1920,60.3,1662,52.2,69.3,59.6,"MD OF WAINWRIGHT","CENTRAL"
"Z3.5.C.06","40-59 years",2952,2236,75.7,1958,66.3,79.5,73,"MD OF WAINWRIGHT","CENTRAL"
"Z3.5.C.06","60-74 years",1855,1624,87.5,1555,83.8,90.3,86.9,"MD OF WAINWRIGHT","CENTRAL"
"Z3.5.C.06","75+ years",771,689,89.4,679,88.1,91.5,89.9,"MD OF WAINWRIGHT","CENTRAL"
"Z3.5.C.06","ALL years",11915,7274,61,6542,54.9,67.4,60.5,"MD OF WAINWRIGHT","CENTRAL"
"Z3.6.A.01","12-19 years",515,294,57.1,249,48.4,70.3,61.1,"LAMONT COUNTY","CENTRAL"
"Z3.6.A.01","12+ years",5537,3770,68.1,3399,61.4,79.2,71.2,"LAMONT COUNTY","CENTRAL"
"Z3.6.A.01","20-39 years",1476,733,49.7,587,39.8,69.3,59.6,"LAMONT COUNTY","CENTRAL"
"Z3.6.A.01","40-59 years",1587,1057,66.6,946,59.6,79.5,73,"LAMONT COUNTY","CENTRAL"
"Z3.6.A.01","60-74 years",1367,1138,83.3,1082,79.2,90.3,86.9,"LAMONT COUNTY","CENTRAL"
"Z3.6.A.01","75+ years",592,533,90,525,88.6,91.5,89.9,"LAMONT COUNTY","CENTRAL"
"Z3.6.A.01","ALL years",6388,3770,59,3399,53.2,67.4,60.5,"LAMONT COUNTY","CENTRAL"
"Z3.6.A.02","12-19 years",735,104,14.2,88,12,70.3,61.1,"TWO HILLS COUNTY","CENTRAL"
"Z3.6.A.02","12+ years",4425,1886,42.6,1725,39,79.2,71.2,"TWO HILLS COUNTY","CENTRAL"
"Z3.6.A.02","20-39 years",1358,293,21.6,249,18.3,69.3,59.6,"TWO HILLS COUNTY","CENTRAL"
"Z3.6.A.02","40-59 years",1099,488,44.4,415,37.8,79.5,73,"TWO HILLS COUNTY","CENTRAL"
"Z3.6.A.02","60-74 years",799,619,77.5,597,74.8,90.3,86.9,"TWO HILLS COUNTY","CENTRAL"
"Z3.6.A.02","75+ years",434,374,86.1,372,85.6,91.5,89.9,"TWO HILLS COUNTY","CENTRAL"
"Z3.6.A.02","ALL years",5579,1886,33.8,1725,30.9,67.4,60.5,"TWO HILLS COUNTY","CENTRAL"
"Z3.6.A.03","12-19 years",938,510,54.4,430,45.8,70.3,61.1,"VEGREVILLE/MINBURN COUNTY","CENTRAL"
"Z3.6.A.03","12+ years",9025,6496,72,5910,65.5,79.2,71.2,"VEGREVILLE/MINBURN COUNTY","CENTRAL"
"Z3.6.A.03","20-39 years",2356,1320,56,1091,46.3,69.3,59.6,"VEGREVILLE/MINBURN COUNTY","CENTRAL"
"Z3.6.A.03","40-59 years",2622,1883,71.8,1706,65.1,79.5,73,"VEGREVILLE/MINBURN COUNTY","CENTRAL"
"Z3.6.A.03","60-74 years",1975,1711,86.7,1650,83.6,90.3,86.9,"VEGREVILLE/MINBURN COUNTY","CENTRAL"
"Z3.6.A.03","75+ years",1134,1045,92.2,1022,90.2,91.5,89.9,"VEGREVILLE/MINBURN COUNTY","CENTRAL"
"Z3.6.A.03","ALL years",10323,6496,62.9,5910,57.3,67.4,60.5,"VEGREVILLE/MINBURN COUNTY","CENTRAL"
"Z3.6.B.04","12-19 years",3942,1719,43.6,1081,27.4,70.3,61.1,"VERMILION RIVER COUNTY","CENTRAL"
"Z3.6.B.04","12+ years",31122,15483,49.7,10597,34.1,79.2,71.2,"VERMILION RIVER COUNTY","CENTRAL"
"Z3.6.B.04","20-39 years",10076,3847,38.2,2500,24.8,69.3,59.6,"VERMILION RIVER COUNTY","CENTRAL"
"Z3.6.B.04","40-59 years",9478,4504,47.5,3007,31.7,79.5,73,"VERMILION RIVER COUNTY","CENTRAL"
"Z3.6.B.04","60-74 years",5320,3684,69.2,2749,51.7,90.3,86.9,"VERMILION RIVER COUNTY","CENTRAL"
"Z3.6.B.04","75+ years",2307,1654,71.7,1208,52.4,91.5,89.9,"VERMILION RIVER COUNTY","CENTRAL"
"Z3.6.B.04","ALL years",36740,15483,42.1,10597,28.8,67.4,60.5,"VERMILION RIVER COUNTY","CENTRAL"
"Z3.7.A.01","12-19 years",3495,1991,57,1686,48.2,70.3,61.1,"RED DEER - NORTH","CENTRAL"
"Z3.7.A.01","12+ years",30295,20417,67.4,18180,60,79.2,71.2,"RED DEER - NORTH","CENTRAL"
"Z3.7.A.01","20-39 years",11227,6040,53.8,4941,44,69.3,59.6,"RED DEER - NORTH","CENTRAL"
"Z3.7.A.01","40-59 years",9082,6523,71.8,5889,64.8,79.5,73,"RED DEER - NORTH","CENTRAL"
"Z3.7.A.01","60-74 years",4794,4191,87.4,4038,84.2,90.3,86.9,"RED DEER - NORTH","CENTRAL"
"Z3.7.A.01","75+ years",1697,1561,92,1550,91.3,91.5,89.9,"RED DEER - NORTH","CENTRAL"
"Z3.7.A.01","ALL years",35640,20417,57.3,18180,51,67.4,60.5,"RED DEER - NORTH","CENTRAL"
"Z3.7.B.02","12-19 years",1044,598,57.3,486,46.5,70.3,61.1,"RED DEER - SW","CENTRAL"
"Z3.7.B.02","12+ years",13907,9236,66.4,8181,58.8,79.2,71.2,"RED DEER - SW","CENTRAL"
"Z3.7.B.02","20-39 years",4913,2635,53.6,2149,43.7,69.3,59.6,"RED DEER - SW","CENTRAL"
"Z3.7.B.02","40-59 years",4114,2773,67.4,2457,59.7,79.5,73,"RED DEER - SW","CENTRAL"
"Z3.7.B.02","60-74 years",2601,2160,83.1,2047,78.7,90.3,86.9,"RED DEER - SW","CENTRAL"
"Z3.7.B.02","75+ years",1235,1046,84.7,1024,82.9,91.5,89.9,"RED DEER - SW","CENTRAL"
"Z3.7.B.02","ALL years",15679,9236,58.9,8181,52.2,67.4,60.5,"RED DEER - SW","CENTRAL"
"Z3.7.C.03","12-19 years",5673,3751,66.1,3285,57.9,70.3,61.1,"RED DEER - EAST","CENTRAL"
"Z3.7.C.03","12+ years",47056,34812,74,31992,68,79.2,71.2,"RED DEER - EAST","CENTRAL"
"Z3.7.C.03","20-39 years",15749,9736,61.8,8508,54,69.3,59.6,"RED DEER - EAST","CENTRAL"
"Z3.7.C.03","40-59 years",14738,11157,75.7,10336,70.1,79.5,73,"RED DEER - EAST","CENTRAL"
"Z3.7.C.03","60-74 years",7823,7130,91.1,6946,88.8,90.3,86.9,"RED DEER - EAST","CENTRAL"
"Z3.7.C.03","75+ years",3074,2824,91.9,2782,90.5,91.5,89.9,"RED DEER - EAST","CENTRAL"
"Z3.7.C.03","ALL years",55069,34812,63.2,31992,58.1,67.4,60.5,"RED DEER - EAST","CENTRAL"
"Z4.1.A.01","12-19 years",3178,2297,72.3,1907,60,70.3,61.1,"EDMONTON - WOODCROFT EAST","EDMONTON"
"Z4.1.A.01","12+ years",54248,41258,76.1,36955,68.1,79.2,71.2,"EDMONTON - WOODCROFT EAST","EDMONTON"
"Z4.1.A.01","20-39 years",22925,15842,69.1,13558,59.1,69.3,59.6,"EDMONTON - WOODCROFT EAST","EDMONTON"
"Z4.1.A.01","40-59 years",15911,12159,76.4,11009,69.2,79.5,73,"EDMONTON - WOODCROFT EAST","EDMONTON"
"Z4.1.A.01","60-74 years",8480,7487,88.3,7133,84.1,90.3,86.9,"EDMONTON - WOODCROFT EAST","EDMONTON"
"Z4.1.A.01","75+ years",3755,3370,89.8,3276,87.2,91.5,89.9,"EDMONTON - WOODCROFT EAST","EDMONTON"
"Z4.1.A.01","ALL years",60664,41258,68,36955,60.9,67.4,60.5,"EDMONTON - WOODCROFT EAST","EDMONTON"
"Z4.1.B.02","12-19 years",2553,2053,80.4,1798,70.4,70.3,61.1,"EDMONTON - WOODCROFT WEST","EDMONTON"
"Z4.1.B.02","12+ years",28194,23132,82,21121,74.9,79.2,71.2,"EDMONTON - WOODCROFT WEST","EDMONTON"
"Z4.1.B.02","20-39 years",9952,7378,74.1,6409,64.4,69.3,59.6,"EDMONTON - WOODCROFT WEST","EDMONTON"
"Z4.1.B.02","40-59 years",8844,7368,83.3,6752,76.3,79.5,73,"EDMONTON - WOODCROFT WEST","EDMONTON"
"Z4.1.B.02","60-74 years",4995,4507,90.2,4391,87.9,90.3,86.9,"EDMONTON - WOODCROFT WEST","EDMONTON"
"Z4.1.B.02","75+ years",1850,1722,93.1,1694,91.6,91.5,89.9,"EDMONTON - WOODCROFT WEST","EDMONTON"
"Z4.1.B.02","ALL years",33002,23132,70.1,21121,64,67.4,60.5,"EDMONTON - WOODCROFT WEST","EDMONTON"
"Z4.1.C.03","12-19 years",3945,2839,72,2413,61.2,70.3,61.1,"EDMONTON - JASPER PLACE","EDMONTON"
"Z4.1.C.03","12+ years",40982,31493,76.8,28389,69.3,79.2,71.2,"EDMONTON - JASPER PLACE","EDMONTON"
"Z4.1.C.03","20-39 years",13963,9506,68.1,7977,57.1,69.3,59.6,"EDMONTON - JASPER PLACE","EDMONTON"
"Z4.1.C.03","40-59 years",12394,9728,78.5,8898,71.8,79.5,73,"EDMONTON - JASPER PLACE","EDMONTON"
"Z4.1.C.03","60-74 years",6818,5954,87.3,5718,83.9,90.3,86.9,"EDMONTON - JASPER PLACE","EDMONTON"
"Z4.1.C.03","75+ years",3861,3331,86.3,3293,85.3,91.5,89.9,"EDMONTON - JASPER PLACE","EDMONTON"
"Z4.1.C.03","ALL years",46923,31493,67.1,28389,60.5,67.4,60.5,"EDMONTON - JASPER PLACE","EDMONTON"
"Z4.1.D.04","12-19 years",9806,8275,84.4,7628,77.8,70.3,61.1,"EDMONTON - WEST JASPER PLACE","EDMONTON"
"Z4.1.D.04","12+ years",87045,77090,88.6,72639,83.5,79.2,71.2,"EDMONTON - WEST JASPER PLACE","EDMONTON"
"Z4.1.D.04","20-39 years",29827,24310,81.5,22093,74.1,69.3,59.6,"EDMONTON - WEST JASPER PLACE","EDMONTON"
"Z4.1.D.04","40-59 years",27759,24851,89.5,23663,85.2,79.5,73,"EDMONTON - WEST JASPER PLACE","EDMONTON"
"Z4.1.D.04","60-74 years",14584,14258,97.8,14080,96.5,90.3,86.9,"EDMONTON - WEST JASPER PLACE","EDMONTON"
"Z4.1.D.04","75+ years",5069,4857,95.8,4772,94.1,91.5,89.9,"EDMONTON - WEST JASPER PLACE","EDMONTON"
"Z4.1.D.04","ALL years",103462,77090,74.5,72639,70.2,67.4,60.5,"EDMONTON - WEST JASPER PLACE","EDMONTON"
"Z4.2.A.01","12-19 years",7314,5392,73.7,4656,63.7,70.3,61.1,"EDMONTON - CASTLE DOWNS","EDMONTON"
"Z4.2.A.01","12+ years",59303,48161,81.2,44068,74.3,79.2,71.2,"EDMONTON - CASTLE DOWNS","EDMONTON"
"Z4.2.A.01","20-39 years",20895,15026,71.9,13037,62.4,69.3,59.6,"EDMONTON - CASTLE DOWNS","EDMONTON"
"Z4.2.A.01","40-59 years",18206,15189,83.4,14190,77.9,79.5,73,"EDMONTON - CASTLE DOWNS","EDMONTON"
"Z4.2.A.01","60-74 years",9347,8881,95,8637,92.4,90.3,86.9,"EDMONTON - CASTLE DOWNS","EDMONTON"
"Z4.2.A.01","75+ years",3541,3392,95.8,3366,95,91.5,89.9,"EDMONTON - CASTLE DOWNS","EDMONTON"
"Z4.2.A.01","ALL years",71594,48161,67.3,44068,61.6,67.4,60.5,"EDMONTON - CASTLE DOWNS","EDMONTON"
"Z4.2.B.02","12-19 years",7948,5539,69.7,4617,58.1,70.3,61.1,"EDMONTON - NORTHGATE","EDMONTON"
"Z4.2.B.02","12+ years",70694,55372,78.3,49819,70.5,79.2,71.2,"EDMONTON - NORTHGATE","EDMONTON"
"Z4.2.B.02","20-39 years",24024,16454,68.5,13852,57.7,69.3,59.6,"EDMONTON - NORTHGATE","EDMONTON"
"Z4.2.B.02","40-59 years",21031,17003,80.8,15394,73.2,79.5,73,"EDMONTON - NORTHGATE","EDMONTON"
"Z4.2.B.02","60-74 years",11430,10583,92.6,10351,90.6,90.3,86.9,"EDMONTON - NORTHGATE","EDMONTON"
"Z4.2.B.02","75+ years",6261,5544,88.5,5451,87.1,91.5,89.9,"EDMONTON - NORTHGATE","EDMONTON"
"Z4.2.B.02","ALL years",82969,55372,66.7,49819,60,67.4,60.5,"EDMONTON - NORTHGATE","EDMONTON"
"Z4.2.C.03","12-19 years",4330,2827,65.3,2216,51.2,70.3,61.1,"EDMONTON - EASTWOOD","EDMONTON"
"Z4.2.C.03","12+ years",64931,46896,72.2,40692,62.7,79.2,71.2,"EDMONTON - EASTWOOD","EDMONTON"
"Z4.2.C.03","20-39 years",26629,17104,64.2,14248,53.5,69.3,59.6,"EDMONTON - EASTWOOD","EDMONTON"
"Z4.2.C.03","40-59 years",20057,14731,73.4,12740,63.5,79.5,73,"EDMONTON - EASTWOOD","EDMONTON"
"Z4.2.C.03","60-74 years",10377,9083,87.5,8456,81.5,90.3,86.9,"EDMONTON - EASTWOOD","EDMONTON"
"Z4.2.C.03","75+ years",3537,3043,86,2953,83.5,91.5,89.9,"EDMONTON - EASTWOOD","EDMONTON"
"Z4.2.C.03","ALL years",72156,46896,65,40692,56.4,67.4,60.5,"EDMONTON - EASTWOOD","EDMONTON"
"Z4.2.D.04","12-19 years",1431,825,57.7,663,46.3,70.3,61.1,"EDMONTON - ABBOTTSFIELD","EDMONTON"
"Z4.2.D.04","12+ years",12251,8585,70.1,7496,61.2,79.2,71.2,"EDMONTON - ABBOTTSFIELD","EDMONTON"
"Z4.2.D.04","20-39 years",4173,2385,57.1,1893,45.4,69.3,59.6,"EDMONTON - ABBOTTSFIELD","EDMONTON"
"Z4.2.D.04","40-59 years",3726,2736,73.4,2431,65.2,79.5,73,"EDMONTON - ABBOTTSFIELD","EDMONTON"
"Z4.2.D.04","60-74 years",2020,1808,89.5,1694,83.9,90.3,86.9,"EDMONTON - ABBOTTSFIELD","EDMONTON"
"Z4.2.D.04","75+ years",901,800,88.8,801,88.9,91.5,89.9,"EDMONTON - ABBOTTSFIELD","EDMONTON"
"Z4.2.D.04","ALL years",14582,8585,58.9,7496,51.4,67.4,60.5,"EDMONTON - ABBOTTSFIELD","EDMONTON"
"Z4.2.E.05","12-19 years",8471,6050,71.4,5102,60.2,70.3,61.1,"EDMONTON - NE","EDMONTON"
"Z4.2.E.05","12+ years",75198,59345,78.9,53305,70.9,79.2,71.2,"EDMONTON - NE","EDMONTON"
"Z4.2.E.05","20-39 years",29269,20300,69.4,17186,58.7,69.3,59.6,"EDMONTON - NE","EDMONTON"
"Z4.2.E.05","40-59 years",22457,18680,83.2,17173,76.5,79.5,73,"EDMONTON - NE","EDMONTON"
"Z4.2.E.05","60-74 years",11342,10646,93.9,10316,91,90.3,86.9,"EDMONTON - NE","EDMONTON"
"Z4.2.E.05","75+ years",3659,3347,91.5,3314,90.6,91.5,89.9,"EDMONTON - NE","EDMONTON"
"Z4.2.E.05","ALL years",90743,59345,65.4,53305,58.7,67.4,60.5,"EDMONTON - NE","EDMONTON"
"Z4.3.A.01","12-19 years",6348,5031,79.3,4256,67,70.3,61.1,"EDMONTON - BONNIE DOON","EDMONTON"
"Z4.3.A.01","12+ years",87025,72057,82.8,66098,76,79.2,71.2,"EDMONTON - BONNIE DOON","EDMONTON"
"Z4.3.A.01","20-39 years",36202,28087,77.6,24949,68.9,69.3,59.6,"EDMONTON - BONNIE DOON","EDMONTON"
"Z4.3.A.01","40-59 years",23445,19386,82.7,17931,76.5,79.5,73,"EDMONTON - BONNIE DOON","EDMONTON"
"Z4.3.A.01","60-74 years",14119,13121,92.9,12738,90.2,90.3,86.9,"EDMONTON - BONNIE DOON","EDMONTON"
"Z4.3.A.01","75+ years",6911,6169,89.3,6034,87.3,91.5,89.9,"EDMONTON - BONNIE DOON","EDMONTON"
"Z4.3.A.01","ALL years",96621,72057,74.6,66098,68.4,67.4,60.5,"EDMONTON - BONNIE DOON","EDMONTON"
"Z4.3.B.02","12-19 years",5165,4014,77.7,3361,65.1,70.3,61.1,"EDMONTON - MILL WOODS WEST","EDMONTON"
"Z4.3.B.02","12+ years",43747,36257,82.9,32289,73.8,79.2,71.2,"EDMONTON - MILL WOODS WEST","EDMONTON"
"Z4.3.B.02","20-39 years",15793,11627,73.6,9617,60.9,69.3,59.6,"EDMONTON - MILL WOODS WEST","EDMONTON"
"Z4.3.B.02","40-59 years",12349,10731,86.9,9737,78.9,79.5,73,"EDMONTON - MILL WOODS WEST","EDMONTON"
"Z4.3.B.02","60-74 years",7469,7050,94.4,6823,91.3,90.3,86.9,"EDMONTON - MILL WOODS WEST","EDMONTON"
"Z4.3.B.02","75+ years",2972,2650,89.2,2619,88.1,91.5,89.9,"EDMONTON - MILL WOODS WEST","EDMONTON"
"Z4.3.B.02","ALL years",51150,36257,70.9,32289,63.1,67.4,60.5,"EDMONTON - MILL WOODS WEST","EDMONTON"
"Z4.3.C.03","12-19 years",8363,6882,82.3,6086,72.8,70.3,61.1,"EDMONTON - MILL WOODS SOUTH & EAST","EDMONTON"
"Z4.3.C.03","12+ years",71434,62513,87.5,56476,79.1,79.2,71.2,"EDMONTON - MILL WOODS SOUTH & EAST","EDMONTON"
"Z4.3.C.03","20-39 years",29544,24323,82.3,20754,70.2,69.3,59.6,"EDMONTON - MILL WOODS SOUTH & EAST","EDMONTON"
"Z4.3.C.03","40-59 years",20734,18570,89.6,17370,83.8,79.5,73,"EDMONTON - MILL WOODS SOUTH & EAST","EDMONTON"
"Z4.3.C.03","60-74 years",10229,9942,97.2,9640,94.2,90.3,86.9,"EDMONTON - MILL WOODS SOUTH & EAST","EDMONTON"
"Z4.3.C.03","75+ years",2565,2383,92.9,2348,91.6,91.5,89.9,"EDMONTON - MILL WOODS SOUTH & EAST","EDMONTON"
"Z4.3.C.03","ALL years",85232,62513,73.3,56476,66.3,67.4,60.5,"EDMONTON - MILL WOODS SOUTH & EAST","EDMONTON"
"Z4.4.A.01","12-19 years",3561,2816,79.1,2465,69.2,70.3,61.1,"EDMONTON - DUGGAN","EDMONTON"
"Z4.4.A.01","12+ years",34840,29419,84.4,27080,77.7,79.2,71.2,"EDMONTON - DUGGAN","EDMONTON"
"Z4.4.A.01","20-39 years",13311,10435,78.4,9258,69.6,69.3,59.6,"EDMONTON - DUGGAN","EDMONTON"
"Z4.4.A.01","40-59 years",9755,8486,87,7828,80.2,79.5,73,"EDMONTON - DUGGAN","EDMONTON"
"Z4.4.A.01","60-74 years",4947,4650,94,4559,92.2,90.3,86.9,"EDMONTON - DUGGAN","EDMONTON"
"Z4.4.A.01","75+ years",3266,2878,88.1,2864,87.7,91.5,89.9,"EDMONTON - DUGGAN","EDMONTON"
"Z4.4.A.01","ALL years",40132,29419,73.3,27080,67.5,67.4,60.5,"EDMONTON - DUGGAN","EDMONTON"
"Z4.4.B.02","12-19 years",7596,6719,88.5,6307,83,70.3,61.1,"EDMONTON - TWIN BROOKS","EDMONTON"
"Z4.4.B.02","12+ years",65990,57962,87.8,55354,83.9,79.2,71.2,"EDMONTON - TWIN BROOKS","EDMONTON"
"Z4.4.B.02","20-39 years",19736,15667,79.4,14443,73.2,69.3,59.6,"EDMONTON - TWIN BROOKS","EDMONTON"
"Z4.4.B.02","40-59 years",20614,18062,87.6,17330,84.1,79.5,73,"EDMONTON - TWIN BROOKS","EDMONTON"
"Z4.4.B.02","60-74 years",12499,11749,94,11656,93.3,90.3,86.9,"EDMONTON - TWIN BROOKS","EDMONTON"
"Z4.4.B.02","75+ years",5544,5322,96,5287,95.4,91.5,89.9,"EDMONTON - TWIN BROOKS","EDMONTON"
"Z4.4.B.02","ALL years",75969,57962,76.3,55354,72.9,67.4,60.5,"EDMONTON - TWIN BROOKS","EDMONTON"
"Z4.4.C.03","12-19 years",9442,8399,88.9,7970,84.4,70.3,61.1,"EDMONTON - RUTHERFORD","EDMONTON"
"Z4.4.C.03","12+ years",88567,80201,90.6,75568,85.3,79.2,71.2,"EDMONTON - RUTHERFORD","EDMONTON"
"Z4.4.C.03","20-39 years",40495,34695,85.7,31522,77.8,69.3,59.6,"EDMONTON - RUTHERFORD","EDMONTON"
"Z4.4.C.03","40-59 years",27191,24943,91.7,24358,89.6,79.5,73,"EDMONTON - RUTHERFORD","EDMONTON"
"Z4.4.C.03","60-74 years",9024,9073,100,8824,97.8,90.3,86.9,"EDMONTON - RUTHERFORD","EDMONTON"
"Z4.4.C.03","75+ years",2415,2469,100,2437,100.9,91.5,89.9,"EDMONTON - RUTHERFORD","EDMONTON"
"Z4.4.C.03","ALL years",112265,80201,71.4,75568,67.3,67.4,60.5,"EDMONTON - RUTHERFORD","EDMONTON"
"Z4.5.A.01","12-19 years",3271,2184,66.8,1811,55.4,70.3,61.1,"STURGEON COUNTY WEST","EDMONTON"
"Z4.5.A.01","12+ years",25052,18901,75.4,16901,67.5,79.2,71.2,"STURGEON COUNTY WEST","EDMONTON"
"Z4.5.A.01","20-39 years",7943,5065,63.8,4203,52.9,69.3,59.6,"STURGEON COUNTY WEST","EDMONTON"
"Z4.5.A.01","40-59 years",7830,6133,78.3,5603,71.6,79.5,73,"STURGEON COUNTY WEST","EDMONTON"
"Z4.5.A.01","60-74 years",4687,4141,88.4,3989,85.1,90.3,86.9,"STURGEON COUNTY WEST","EDMONTON"
"Z4.5.A.01","75+ years",1321,1255,95,1208,91.4,91.5,89.9,"STURGEON COUNTY WEST","EDMONTON"
"Z4.5.A.01","ALL years",30154,18901,62.7,16901,56,67.4,60.5,"STURGEON COUNTY WEST","EDMONTON"
"Z4.5.B.02","12-19 years",690,397,57.6,359,52.1,70.3,61.1,"STURGEON COUNTY EAST","EDMONTON"
"Z4.5.B.02","12+ years",5204,3743,71.9,3417,65.7,79.2,71.2,"STURGEON COUNTY EAST","EDMONTON"
"Z4.5.B.02","20-39 years",1560,954,61.2,815,52.3,69.3,59.6,"STURGEON COUNTY EAST","EDMONTON"
"Z4.5.B.02","40-59 years",1754,1285,73.2,1170,66.7,79.5,73,"STURGEON COUNTY EAST","EDMONTON"
"Z4.5.B.02","60-74 years",939,831,88.5,812,86.5,90.3,86.9,"STURGEON COUNTY EAST","EDMONTON"
"Z4.5.B.02","75+ years",261,247,94.6,242,92.7,91.5,89.9,"STURGEON COUNTY EAST","EDMONTON"
"Z4.5.B.02","ALL years",6095,3743,61.4,3417,56.1,67.4,60.5,"STURGEON COUNTY EAST","EDMONTON"
"Z4.5.B.03","12-19 years",2447,1851,75.7,1594,65.2,70.3,61.1,"FORT SASKATCHEWAN","EDMONTON"
"Z4.5.B.03","12+ years",22307,17525,78.6,15966,71.6,79.2,71.2,"FORT SASKATCHEWAN","EDMONTON"
"Z4.5.B.03","20-39 years",8330,5647,67.8,4899,58.8,69.3,59.6,"FORT SASKATCHEWAN","EDMONTON"
"Z4.5.B.03","40-59 years",6648,5310,79.9,4908,73.8,79.5,73,"FORT SASKATCHEWAN","EDMONTON"
"Z4.5.B.03","60-74 years",3546,3287,92.7,3189,89.9,90.3,86.9,"FORT SASKATCHEWAN","EDMONTON"
"Z4.5.B.03","75+ years",1337,1322,98.9,1301,97.3,91.5,89.9,"FORT SASKATCHEWAN","EDMONTON"
"Z4.5.B.03","ALL years",26795,17525,65.4,15966,59.6,67.4,60.5,"FORT SASKATCHEWAN","EDMONTON"
"Z4.6.A.01","12-19 years",8616,7272,84.4,6520,75.7,70.3,61.1,"SHERWOOD PARK","EDMONTON"
"Z4.6.A.01","12+ years",71147,61785,86.8,58050,81.6,79.2,71.2,"SHERWOOD PARK","EDMONTON"
"Z4.6.A.01","20-39 years",20568,15979,77.7,14405,70,69.3,59.6,"SHERWOOD PARK","EDMONTON"
"Z4.6.A.01","40-59 years",22831,19660,86.1,18691,81.9,79.5,73,"SHERWOOD PARK","EDMONTON"
"Z4.6.A.01","60-74 years",13456,12774,94.9,12481,92.8,90.3,86.9,"SHERWOOD PARK","EDMONTON"
"Z4.6.A.01","75+ years",5676,5662,99.8,5649,99.5,91.5,89.9,"SHERWOOD PARK","EDMONTON"
"Z4.6.A.01","ALL years",82033,61785,75.3,58050,70.8,67.4,60.5,"SHERWOOD PARK","EDMONTON"
"Z4.6.B.02","12-19 years",1803,1211,67.2,1059,58.7,70.3,61.1,"STRATHCONA COUNTY EXCLUDING SHERWOOD PARK","EDMONTON"
"Z4.6.B.02","12+ years",15406,11959,77.6,11112,72.1,79.2,71.2,"STRATHCONA COUNTY EXCLUDING SHERWOOD PARK","EDMONTON"
"Z4.6.B.02","20-39 years",4061,2751,67.7,2428,59.8,69.3,59.6,"STRATHCONA COUNTY EXCLUDING SHERWOOD PARK","EDMONTON"
"Z4.6.B.02","40-59 years",5136,3971,77.3,3646,71,79.5,73,"STRATHCONA COUNTY EXCLUDING SHERWOOD PARK","EDMONTON"
"Z4.6.B.02","60-74 years",3559,3188,89.6,3164,88.9,90.3,86.9,"STRATHCONA COUNTY EXCLUDING SHERWOOD PARK","EDMONTON"
"Z4.6.B.02","75+ years",847,782,92.3,773,91.3,91.5,89.9,"STRATHCONA COUNTY EXCLUDING SHERWOOD PARK","EDMONTON"
"Z4.6.B.02","ALL years",17420,11959,68.7,11112,63.8,67.4,60.5,"STRATHCONA COUNTY EXCLUDING SHERWOOD PARK","EDMONTON"
"Z4.7.A.01","12-19 years",2819,2153,76.4,1902,67.5,70.3,61.1,"BEAUMONT","EDMONTON"
"Z4.7.A.01","12+ years",20924,17087,81.7,15570,74.4,79.2,71.2,"BEAUMONT","EDMONTON"
"Z4.7.A.01","20-39 years",6943,5067,73,4409,63.5,69.3,59.6,"BEAUMONT","EDMONTON"
"Z4.7.A.01","40-59 years",6948,5729,82.5,5290,76.1,79.5,73,"BEAUMONT","EDMONTON"
"Z4.7.A.01","60-74 years",3426,3217,93.9,3117,91,90.3,86.9,"BEAUMONT","EDMONTON"
"Z4.7.A.01","75+ years",787,751,95.4,742,94.3,91.5,89.9,"BEAUMONT","EDMONTON"
"Z4.7.A.01","ALL years",25785,17087,66.3,15570,60.4,67.4,60.5,"BEAUMONT","EDMONTON"
"Z4.7.A.02","12-19 years",4135,2879,69.6,2468,59.7,70.3,61.1,"LEDUC & DEVON","EDMONTON"
"Z4.7.A.02","12+ years",35853,27371,76.3,24776,69.1,79.2,71.2,"LEDUC & DEVON","EDMONTON"
"Z4.7.A.02","20-39 years",12370,7892,63.8,6691,54.1,69.3,59.6,"LEDUC & DEVON","EDMONTON"
"Z4.7.A.02","40-59 years",10946,8585,78.4,7908,72.2,79.5,73,"LEDUC & DEVON","EDMONTON"
"Z4.7.A.02","60-74 years",6012,5544,92.2,5287,87.9,90.3,86.9,"LEDUC & DEVON","EDMONTON"
"Z4.7.A.02","75+ years",2391,2272,95,2280,95.4,91.5,89.9,"LEDUC & DEVON","EDMONTON"
"Z4.7.A.02","ALL years",43021,27371,63.6,24776,57.6,67.4,60.5,"LEDUC & DEVON","EDMONTON"
"Z4.7.A.03","12-19 years",817,415,50.8,335,41,70.3,61.1,"THORSBY","EDMONTON"
"Z4.7.A.03","12+ years",7844,5033,64.2,4501,57.4,79.2,71.2,"THORSBY","EDMONTON"
"Z4.7.A.03","20-39 years",2161,1076,49.8,865,40,69.3,59.6,"THORSBY","EDMONTON"
"Z4.7.A.03","40-59 years",2459,1531,62.2,1376,55.9,79.5,73,"THORSBY","EDMONTON"
"Z4.7.A.03","60-74 years",1803,1464,81.2,1405,77.9,90.3,86.9,"THORSBY","EDMONTON"
"Z4.7.A.03","75+ years",602,532,88.3,512,85,91.5,89.9,"THORSBY","EDMONTON"
"Z4.7.A.03","ALL years",9090,5033,55.4,4501,49.5,67.4,60.5,"THORSBY","EDMONTON"
"Z4.8.A.01","12-19 years",5787,4043,69.9,3526,60.9,70.3,61.1,"STONY PLAIN & SPRUCE GROVE","EDMONTON"
"Z4.8.A.01","12+ years",48516,37508,77.3,34065,70.2,79.2,71.2,"STONY PLAIN & SPRUCE GROVE","EDMONTON"
"Z4.8.A.01","20-39 years",16567,10814,65.3,9270,56,69.3,59.6,"STONY PLAIN & SPRUCE GROVE","EDMONTON"
"Z4.8.A.01","40-59 years",14579,11594,79.5,10581,72.6,79.5,73,"STONY PLAIN & SPRUCE GROVE","EDMONTON"
"Z4.8.A.01","60-74 years",8230,7553,91.8,7317,88.9,90.3,86.9,"STONY PLAIN & SPRUCE GROVE","EDMONTON"
"Z4.8.A.01","75+ years",3353,3260,97.2,3226,96.2,91.5,89.9,"STONY PLAIN & SPRUCE GROVE","EDMONTON"
"Z4.8.A.01","ALL years",57833,37508,64.9,34065,58.9,67.4,60.5,"STONY PLAIN & SPRUCE GROVE","EDMONTON"
"Z4.8.B.02","12-19 years",3875,2180,56.3,1804,46.6,70.3,61.1,"WESTVIEW EXCLUDING STONY PLAIN & SPRUCE GROVE","EDMONTON"
"Z4.8.B.02","12+ years",31700,21674,68.4,19384,61.1,79.2,71.2,"WESTVIEW EXCLUDING STONY PLAIN & SPRUCE GROVE","EDMONTON"
"Z4.8.B.02","20-39 years",8268,4481,54.2,3658,44.2,69.3,59.6,"WESTVIEW EXCLUDING STONY PLAIN & SPRUCE GROVE","EDMONTON"
"Z4.8.B.02","40-59 years",10332,7112,68.8,6348,61.4,79.5,73,"WESTVIEW EXCLUDING STONY PLAIN & SPRUCE GROVE","EDMONTON"
"Z4.8.B.02","60-74 years",7126,5938,83.3,5669,79.6,90.3,86.9,"WESTVIEW EXCLUDING STONY PLAIN & SPRUCE GROVE","EDMONTON"
"Z4.8.B.02","75+ years",2098,1850,88.2,1823,86.9,91.5,89.9,"WESTVIEW EXCLUDING STONY PLAIN & SPRUCE GROVE","EDMONTON"
"Z4.8.B.02","ALL years",36730,21674,59,19384,52.8,67.4,60.5,"WESTVIEW EXCLUDING STONY PLAIN & SPRUCE GROVE","EDMONTON"
"Z4.9.A.01","12-19 years",7048,5768,81.8,5281,74.9,70.3,61.1,"ST. ALBERT","EDMONTON"
"Z4.9.A.01","12+ years",60363,52419,86.8,49479,82,79.2,71.2,"ST. ALBERT","EDMONTON"
"Z4.9.A.01","20-39 years",17049,13132,77,11814,69.3,69.3,59.6,"ST. ALBERT","EDMONTON"
"Z4.9.A.01","40-59 years",18759,16240,86.6,15410,82.1,79.5,73,"ST. ALBERT","EDMONTON"
"Z4.9.A.01","60-74 years",12195,11689,95.8,11510,94.4,90.3,86.9,"ST. ALBERT","EDMONTON"
"Z4.9.A.01","75+ years",5312,5188,97.7,5174,97.4,91.5,89.9,"ST. ALBERT","EDMONTON"
"Z4.9.A.01","ALL years",69588,52419,75.3,49479,71.1,67.4,60.5,"ST. ALBERT","EDMONTON"
"Z5.1.A.01","12-19 years",328,317,96.6,280,85.3,70.3,61.1,"JASPER","NORTH"
"Z5.1.A.01","12+ years",5070,4182,82.5,3859,76.1,79.2,71.2,"JASPER","NORTH"
"Z5.1.A.01","20-39 years",2390,1780,74.5,1582,66.2,69.3,59.6,"JASPER","NORTH"
"Z5.1.A.01","40-59 years",1486,1265,85.1,1187,79.9,79.5,73,"JASPER","NORTH"
"Z5.1.A.01","60-74 years",677,632,93.4,630,93.1,90.3,86.9,"JASPER","NORTH"
"Z5.1.A.01","75+ years",189,173,91.4,169,89.3,91.5,89.9,"JASPER","NORTH"
"Z5.1.A.01","ALL years",5592,4182,74.8,3859,69,67.4,60.5,"JASPER","NORTH"
"Z5.1.A.02","12-19 years",1157,679,58.7,580,50.1,70.3,61.1,"HINTON","NORTH"
"Z5.1.A.02","12+ years",10498,7466,71.1,6654,63.4,79.2,71.2,"HINTON","NORTH"
"Z5.1.A.02","20-39 years",3602,2223,61.7,1851,51.4,69.3,59.6,"HINTON","NORTH"
"Z5.1.A.02","40-59 years",3314,2405,72.6,2133,64.4,79.5,73,"HINTON","NORTH"
"Z5.1.A.02","60-74 years",1866,1616,86.6,1564,83.8,90.3,86.9,"HINTON","NORTH"
"Z5.1.A.02","75+ years",559,510,91.2,504,90.1,91.5,89.9,"HINTON","NORTH"
"Z5.1.A.02","ALL years",12260,7466,60.9,6654,54.3,67.4,60.5,"HINTON","NORTH"
"Z5.1.A.03","12-19 years",1620,815,50.3,643,39.7,70.3,61.1,"EDSON","NORTH"
"Z5.1.A.03","12+ years",13733,8824,64.3,7814,56.9,79.2,71.2,"EDSON","NORTH"
"Z5.1.A.03","20-39 years",4474,2304,51.5,1921,42.9,69.3,59.6,"EDSON","NORTH"
"Z5.1.A.03","40-59 years",4368,2870,65.7,2534,58,79.5,73,"EDSON","NORTH"
"Z5.1.A.03","60-74 years",2471,2106,85.2,2020,81.7,90.3,86.9,"EDSON","NORTH"
"Z5.1.A.03","75+ years",800,693,86.6,675,84.3,91.5,89.9,"EDSON","NORTH"
"Z5.1.A.03","ALL years",16050,8824,55,7814,48.7,67.4,60.5,"EDSON","NORTH"
"Z5.1.B.04","12-19 years",1604,768,47.9,639,39.8,70.3,61.1,"WHITECOURT","NORTH"
"Z5.1.B.04","12+ years",12369,7578,61.3,6714,54.3,79.2,71.2,"WHITECOURT","NORTH"
"Z5.1.B.04","20-39 years",4276,2075,48.5,1719,40.2,69.3,59.6,"WHITECOURT","NORTH"
"Z5.1.B.04","40-59 years",4208,2765,65.7,2479,58.9,79.5,73,"WHITECOURT","NORTH"
"Z5.1.B.04","60-74 years",1839,1518,82.6,1441,78.4,90.3,86.9,"WHITECOURT","NORTH"
"Z5.1.B.04","75+ years",442,405,91.6,398,90,91.5,89.9,"WHITECOURT","NORTH"
"Z5.1.B.04","ALL years",14719,7578,51.5,6714,45.6,67.4,60.5,"WHITECOURT","NORTH"
"Z5.1.B.05","12-19 years",1467,647,44.1,519,35.4,70.3,61.1,"MAYERTHORPE","NORTH"
"Z5.1.B.05","12+ years",14174,8887,62.7,8020,56.6,79.2,71.2,"MAYERTHORPE","NORTH"
"Z5.1.B.05","20-39 years",3580,1697,47.4,1364,38.1,69.3,59.6,"MAYERTHORPE","NORTH"
"Z5.1.B.05","40-59 years",4505,2670,59.3,2409,53.5,79.5,73,"MAYERTHORPE","NORTH"
"Z5.1.B.05","60-74 years",3401,2833,83.3,2739,80.5,90.3,86.9,"MAYERTHORPE","NORTH"
"Z5.1.B.05","75+ years",1221,1006,82.4,971,79.5,91.5,89.9,"MAYERTHORPE","NORTH"
"Z5.1.B.05","ALL years",16200,8887,54.9,8020,49.5,67.4,60.5,"MAYERTHORPE","NORTH"
"Z5.1.C.06","12-19 years",1097,465,42.4,379,34.6,70.3,61.1,"BARRHEAD","NORTH"
"Z5.1.C.06","12+ years",9290,5861,63.1,5323,57.3,79.2,71.2,"BARRHEAD","NORTH"
"Z5.1.C.06","20-39 years",2581,1117,43.3,924,35.8,69.3,59.6,"BARRHEAD","NORTH"
"Z5.1.C.06","40-59 years",2482,1604,64.6,1454,58.6,79.5,73,"BARRHEAD","NORTH"
"Z5.1.C.06","60-74 years",2059,1702,82.6,1629,79.1,90.3,86.9,"BARRHEAD","NORTH"
"Z5.1.C.06","75+ years",1071,954,89.1,925,86.4,91.5,89.9,"BARRHEAD","NORTH"
"Z5.1.C.06","ALL years",10948,5861,53.5,5323,48.6,67.4,60.5,"BARRHEAD","NORTH"
"Z5.1.C.07","12-19 years",1894,963,50.9,804,42.5,70.3,61.1,"WESTLOCK","NORTH"
"Z5.1.C.07","12+ years",16861,11706,69.4,10503,62.3,79.2,71.2,"WESTLOCK","NORTH"
"Z5.1.C.07","20-39 years",4406,2444,55.5,2005,45.5,69.3,59.6,"WESTLOCK","NORTH"
"Z5.1.C.07","40-59 years",4790,3254,67.9,2864,59.8,79.5,73,"WESTLOCK","NORTH"
"Z5.1.C.07","60-74 years",3929,3316,84.4,3143,80,90.3,86.9,"WESTLOCK","NORTH"
"Z5.1.C.07","75+ years",1842,1675,90.9,1646,89.3,91.5,89.9,"WESTLOCK","NORTH"
"Z5.1.C.07","ALL years",19168,11706,61.1,10503,54.8,67.4,60.5,"WESTLOCK","NORTH"
"Z5.2.A.01","12-19 years",619,262,42.3,195,31.5,70.3,61.1,"FROG LAKE","NORTH"
"Z5.2.A.01","12+ years",4007,2082,52,1730,43.2,79.2,71.2,"FROG LAKE","NORTH"
"Z5.2.A.01","20-39 years",1268,507,40,364,28.7,69.3,59.6,"FROG LAKE","NORTH"
"Z5.2.A.01","40-59 years",1203,607,50.4,492,40.9,79.5,73,"FROG LAKE","NORTH"
"Z5.2.A.01","60-74 years",623,443,71.2,427,68.6,90.3,86.9,"FROG LAKE","NORTH"
"Z5.2.A.01","75+ years",294,248,84.2,238,80.8,91.5,89.9,"FROG LAKE","NORTH"
"Z5.2.A.01","ALL years",4827,2082,43.1,1730,35.8,67.4,60.5,"FROG LAKE","NORTH"
"Z5.2.A.04","12-19 years",1806,638,35.3,517,28.6,70.3,61.1,"ST. PAUL","NORTH"
"Z5.2.A.04","12+ years",12782,6876,53.8,6178,48.3,79.2,71.2,"ST. PAUL","NORTH"
"Z5.2.A.04","20-39 years",4135,1644,39.8,1363,33,69.3,59.6,"ST. PAUL","NORTH"
"Z5.2.A.04","40-59 years",3520,1986,56.4,1761,50,79.5,73,"ST. PAUL","NORTH"
"Z5.2.A.04","60-74 years",2313,1720,74.4,1661,71.8,90.3,86.9,"ST. PAUL","NORTH"
"Z5.2.A.04","75+ years",1009,864,85.6,860,85.2,91.5,89.9,"ST. PAUL","NORTH"
"Z5.2.A.04","ALL years",15522,6876,44.3,6178,39.8,67.4,60.5,"ST. PAUL","NORTH"
"Z5.2.A.05","12-19 years",378,146,38.6,125,33.1,70.3,61.1,"SMOKY LAKE","NORTH"
"Z5.2.A.05","12+ years",4226,2695,63.8,2454,58.1,79.2,71.2,"SMOKY LAKE","NORTH"
"Z5.2.A.05","20-39 years",955,459,48,363,38,69.3,59.6,"SMOKY LAKE","NORTH"
"Z5.2.A.05","40-59 years",1226,745,60.8,662,54,79.5,73,"SMOKY LAKE","NORTH"
"Z5.2.A.05","60-74 years",1094,852,77.9,811,74.1,90.3,86.9,"SMOKY LAKE","NORTH"
"Z5.2.A.05","75+ years",573,487,85,490,85.6,91.5,89.9,"SMOKY LAKE","NORTH"
"Z5.2.A.05","ALL years",4728,2695,57,2454,51.9,67.4,60.5,"SMOKY LAKE","NORTH"
"Z5.2.B.02","12-19 years",2353,1337,56.8,1122,47.7,70.3,61.1,"COLD LAKE","NORTH"
"Z5.2.B.02","12+ years",16681,11030,66.1,9770,58.6,79.2,71.2,"COLD LAKE","NORTH"
"Z5.2.B.02","20-39 years",6360,3516,55.3,2898,45.6,69.3,59.6,"COLD LAKE","NORTH"
"Z5.2.B.02","40-59 years",5130,3554,69.3,3239,63.1,79.5,73,"COLD LAKE","NORTH"
"Z5.2.B.02","60-74 years",2165,1924,88.9,1849,85.4,90.3,86.9,"COLD LAKE","NORTH"
"Z5.2.B.02","75+ years",672,626,93.1,620,92.2,91.5,89.9,"COLD LAKE","NORTH"
"Z5.2.B.02","ALL years",20716,11030,53.2,9770,47.2,67.4,60.5,"COLD LAKE","NORTH"
"Z5.2.B.03","12-19 years",1841,829,45,687,37.3,70.3,61.1,"BONNYVILLE","NORTH"
"Z5.2.B.03","12+ years",13911,8127,58.4,7142,51.3,79.2,71.2,"BONNYVILLE","NORTH"
"Z5.2.B.03","20-39 years",4564,2048,44.9,1638,35.9,69.3,59.6,"BONNYVILLE","NORTH"
"Z5.2.B.03","40-59 years",4378,2728,62.3,2423,55.3,79.5,73,"BONNYVILLE","NORTH"
"Z5.2.B.03","60-74 years",2280,1783,78.2,1676,73.5,90.3,86.9,"BONNYVILLE","NORTH"
"Z5.2.B.03","75+ years",847,704,83.1,692,81.7,91.5,89.9,"BONNYVILLE","NORTH"
"Z5.2.B.03","ALL years",16602,8127,49,7142,43,67.4,60.5,"BONNYVILLE","NORTH"
"Z5.2.C.06","12-19 years",293,122,41.6,89,30.3,70.3,61.1,"BOYLE","NORTH"
"Z5.2.C.06","12+ years",3084,1837,59.6,1595,51.7,79.2,71.2,"BOYLE","NORTH"
"Z5.2.C.06","20-39 years",835,335,40.1,277,33.2,69.3,59.6,"BOYLE","NORTH"
"Z5.2.C.06","40-59 years",930,550,59.2,454,48.8,79.5,73,"BOYLE","NORTH"
"Z5.2.C.06","60-74 years",747,593,79.4,550,73.6,90.3,86.9,"BOYLE","NORTH"
"Z5.2.C.06","75+ years",278,232,83.3,223,80.1,91.5,89.9,"BOYLE","NORTH"
"Z5.2.C.06","ALL years",3544,1837,51.8,1595,45,67.4,60.5,"BOYLE","NORTH"
"Z5.2.C.07","12-19 years",1021,590,57.8,496,48.6,70.3,61.1,"ATHABASCA","NORTH"
"Z5.2.C.07","12+ years",9384,6559,69.9,5979,63.7,79.2,71.2,"ATHABASCA","NORTH"
"Z5.2.C.07","20-39 years",2430,1314,54.1,1100,45.3,69.3,59.6,"ATHABASCA","NORTH"
"Z5.2.C.07","40-59 years",2956,1997,67.6,1793,60.7,79.5,73,"ATHABASCA","NORTH"
"Z5.2.C.07","60-74 years",2119,1835,86.6,1782,84.1,90.3,86.9,"ATHABASCA","NORTH"
"Z5.2.C.07","75+ years",859,783,91.2,779,90.7,91.5,89.9,"ATHABASCA","NORTH"
"Z5.2.C.07","ALL years",10686,6559,61.4,5979,56,67.4,60.5,"ATHABASCA","NORTH"
"Z5.2.C.08","12-19 years",1157,505,43.6,417,36,70.3,61.1,"LAC LA BICHE","NORTH"
"Z5.2.C.08","12+ years",8738,5235,59.9,4604,52.7,79.2,71.2,"LAC LA BICHE","NORTH"
"Z5.2.C.08","20-39 years",2869,1287,44.9,1028,35.8,69.3,59.6,"LAC LA BICHE","NORTH"
"Z5.2.C.08","40-59 years",2665,1717,64.4,1522,57.1,79.5,73,"LAC LA BICHE","NORTH"
"Z5.2.C.08","60-74 years",1499,1214,81,1157,77.2,90.3,86.9,"LAC LA BICHE","NORTH"
"Z5.2.C.08","75+ years",547,490,89.5,468,85.5,91.5,89.9,"LAC LA BICHE","NORTH"
"Z5.2.C.08","ALL years",10392,5235,50.4,4604,44.3,67.4,60.5,"LAC LA BICHE","NORTH"
"Z5.3.A.01","12-19 years",441,186,42.2,156,35.4,70.3,61.1,"GRANDE CACHE","NORTH"
"Z5.3.A.01","12+ years",3594,2217,61.7,1896,52.8,79.2,71.2,"GRANDE CACHE","NORTH"
"Z5.3.A.01","20-39 years",1231,684,55.5,520,42.2,69.3,59.6,"GRANDE CACHE","NORTH"
"Z5.3.A.01","40-59 years",1204,738,61.3,640,53.1,79.5,73,"GRANDE CACHE","NORTH"
"Z5.3.A.01","60-74 years",537,450,83.8,426,79.3,90.3,86.9,"GRANDE CACHE","NORTH"
"Z5.3.A.01","75+ years",180,153,84.8,151,83.7,91.5,89.9,"GRANDE CACHE","NORTH"
"Z5.3.A.01","ALL years",4168,2217,53.2,1896,45.5,67.4,60.5,"GRANDE CACHE","NORTH"
"Z5.3.A.02","12-19 years",225,124,55.2,110,49,70.3,61.1,"FOX CREEK","NORTH"
"Z5.3.A.02","12+ years",1921,1161,60.4,1037,54,79.2,71.2,"FOX CREEK","NORTH"
"Z5.3.A.02","20-39 years",632,320,50.6,261,41.3,69.3,59.6,"FOX CREEK","NORTH"
"Z5.3.A.02","40-59 years",693,407,58.7,373,53.8,79.5,73,"FOX CREEK","NORTH"
"Z5.3.A.02","60-74 years",315,262,83.2,244,77.5,90.3,86.9,"FOX CREEK","NORTH"
"Z5.3.A.02","75+ years",57,41,72.1,43,75.7,91.5,89.9,"FOX CREEK","NORTH"
"Z5.3.A.02","ALL years",2241,1161,51.8,1037,46.3,67.4,60.5,"FOX CREEK","NORTH"
"Z5.3.A.03","12-19 years",790,290,36.7,234,29.6,70.3,61.1,"VALLEYVIEW","NORTH"
"Z5.3.A.03","12+ years",6001,3345,55.7,2915,48.6,79.2,71.2,"VALLEYVIEW","NORTH"
"Z5.3.A.03","20-39 years",1887,805,42.7,641,34,69.3,59.6,"VALLEYVIEW","NORTH"
"Z5.3.A.03","40-59 years",1721,1009,58.6,865,50.3,79.5,73,"VALLEYVIEW","NORTH"
"Z5.3.A.03","60-74 years",1182,889,75.2,829,70.1,90.3,86.9,"VALLEYVIEW","NORTH"
"Z5.3.A.03","75+ years",420,340,81,340,81,91.5,89.9,"VALLEYVIEW","NORTH"
"Z5.3.A.03","ALL years",7226,3345,46.3,2915,40.3,67.4,60.5,"VALLEYVIEW","NORTH"
"Z5.3.A.05","12-19 years",1367,556,40.7,448,32.8,70.3,61.1,"BEAVERLODGE","NORTH"
"Z5.3.A.05","12+ years",10136,5662,55.9,5024,49.6,79.2,71.2,"BEAVERLODGE","NORTH"
"Z5.3.A.05","20-39 years",3228,1318,40.8,1076,33.3,69.3,59.6,"BEAVERLODGE","NORTH"
"Z5.3.A.05","40-59 years",3037,1748,57.6,1534,50.5,79.5,73,"BEAVERLODGE","NORTH"
"Z5.3.A.05","60-74 years",1830,1421,77.6,1365,74.6,90.3,86.9,"BEAVERLODGE","NORTH"
"Z5.3.A.05","75+ years",674,590,87.5,583,86.5,91.5,89.9,"BEAVERLODGE","NORTH"
"Z5.3.A.05","ALL years",12199,5662,46.4,5024,41.2,67.4,60.5,"BEAVERLODGE","NORTH"
"Z5.3.B.04","12-19 years",2453,1269,51.7,1024,41.7,70.3,61.1,"GRANDE PRAIRIE COUNTY","NORTH"
"Z5.3.B.04","12+ years",17157,10411,60.7,9074,52.9,79.2,71.2,"GRANDE PRAIRIE COUNTY","NORTH"
"Z5.3.B.04","20-39 years",5663,2680,47.3,2201,38.9,69.3,59.6,"GRANDE PRAIRIE COUNTY","NORTH"
"Z5.3.B.04","40-59 years",5687,3675,64.6,3194,56.2,79.5,73,"GRANDE PRAIRIE COUNTY","NORTH"
"Z5.3.B.04","60-74 years",2667,2146,80.5,2041,76.5,90.3,86.9,"GRANDE PRAIRIE COUNTY","NORTH"
"Z5.3.B.04","75+ years",687,574,83.6,567,82.6,91.5,89.9,"GRANDE PRAIRIE COUNTY","NORTH"
"Z5.3.B.04","ALL years",20862,10411,49.9,9074,43.5,67.4,60.5,"GRANDE PRAIRIE COUNTY","NORTH"
"Z5.4.A.01","12-19 years",129,51,39.7,45,35,70.3,61.1,"SWAN HILLS","NORTH"
"Z5.4.A.01","12+ years",1142,695,60.8,611,53.5,79.2,71.2,"SWAN HILLS","NORTH"
"Z5.4.A.01","20-39 years",330,142,43,115,34.8,69.3,59.6,"SWAN HILLS","NORTH"
"Z5.4.A.01","40-59 years",453,292,64.4,256,56.5,79.5,73,"SWAN HILLS","NORTH"
"Z5.4.A.01","60-74 years",203,181,89,169,83.1,90.3,86.9,"SWAN HILLS","NORTH"
"Z5.4.A.01","75+ years",27,28,100,25,92.4,91.5,89.9,"SWAN HILLS","NORTH"
"Z5.4.A.01","ALL years",1336,695,52,611,45.7,67.4,60.5,"SWAN HILLS","NORTH"
"Z5.4.A.02","12-19 years",1292,712,55.1,561,43.4,70.3,61.1,"SLAVE LAKE","NORTH"
"Z5.4.A.02","12+ years",9551,5825,61,4984,52.2,79.2,71.2,"SLAVE LAKE","NORTH"
"Z5.4.A.02","20-39 years",3468,1727,49.8,1377,39.7,69.3,59.6,"SLAVE LAKE","NORTH"
"Z5.4.A.02","40-59 years",3134,2011,64.2,1764,56.3,79.5,73,"SLAVE LAKE","NORTH"
"Z5.4.A.02","60-74 years",1299,1068,82.2,993,76.5,90.3,86.9,"SLAVE LAKE","NORTH"
"Z5.4.A.02","75+ years",359,274,76.4,269,75,91.5,89.9,"SLAVE LAKE","NORTH"
"Z5.4.A.02","ALL years",11676,5825,49.9,4984,42.7,67.4,60.5,"SLAVE LAKE","NORTH"
"Z5.4.A.03","12-19 years",606,220,36.3,165,27.2,70.3,61.1,"WABASCA","NORTH"
"Z5.4.A.03","12+ years",3269,1762,53.9,1491,45.6,79.2,71.2,"WABASCA","NORTH"
"Z5.4.A.03","20-39 years",1177,509,43.2,404,34.3,69.3,59.6,"WABASCA","NORTH"
"Z5.4.A.03","40-59 years",963,620,64.4,530,55,79.5,73,"WABASCA","NORTH"
"Z5.4.A.03","60-74 years",426,324,76.1,309,72.6,90.3,86.9,"WABASCA","NORTH"
"Z5.4.A.03","75+ years",97,76,78,73,74.9,91.5,89.9,"WABASCA","NORTH"
"Z5.4.A.03","ALL years",4238,1762,41.6,1491,35.2,67.4,60.5,"WABASCA","NORTH"
"Z5.4.A.07","12-19 years",1478,486,32.9,349,23.6,70.3,61.1,"HIGH PRAIRIE","NORTH"
"Z5.4.A.07","12+ years",9580,4857,50.7,4011,41.9,79.2,71.2,"HIGH PRAIRIE","NORTH"
"Z5.4.A.07","20-39 years",2916,1180,40.5,859,29.5,69.3,59.6,"HIGH PRAIRIE","NORTH"
"Z5.4.A.07","40-59 years",2925,1508,51.5,1242,42.5,79.5,73,"HIGH PRAIRIE","NORTH"
"Z5.4.A.07","60-74 years",1642,1206,73.5,1105,67.3,90.3,86.9,"HIGH PRAIRIE","NORTH"
"Z5.4.A.07","75+ years",618,463,74.9,448,72.5,91.5,89.9,"HIGH PRAIRIE","NORTH"
"Z5.4.A.07","ALL years",11613,4857,41.8,4011,34.5,67.4,60.5,"HIGH PRAIRIE","NORTH"
"Z5.4.B.04","12-19 years",3574,468,13.1,374,10.5,70.3,61.1,"HIGH LEVEL","NORTH"
"Z5.4.B.04","12+ years",18049,4269,23.7,3598,19.9,79.2,71.2,"HIGH LEVEL","NORTH"
"Z5.4.B.04","20-39 years",7425,1435,19.3,1154,15.5,69.3,59.6,"HIGH LEVEL","NORTH"
"Z5.4.B.04","40-59 years",4631,1492,32.2,1259,27.2,79.5,73,"HIGH LEVEL","NORTH"
"Z5.4.B.04","60-74 years",1808,664,36.7,619,34.2,90.3,86.9,"HIGH LEVEL","NORTH"
"Z5.4.B.04","75+ years",611,187,30.6,178,29.1,91.5,89.9,"HIGH LEVEL","NORTH"
"Z5.4.B.04","ALL years",25086,4269,17,3598,14.3,67.4,60.5,"HIGH LEVEL","NORTH"
"Z5.4.B.05","12-19 years",358,153,42.7,114,31.8,70.3,61.1,"MANNING","NORTH"
"Z5.4.B.05","12+ years",2795,1502,53.7,1347,48.2,79.2,71.2,"MANNING","NORTH"
"Z5.4.B.05","20-39 years",810,305,37.6,261,32.2,69.3,59.6,"MANNING","NORTH"
"Z5.4.B.05","40-59 years",842,460,54.6,423,50.2,79.5,73,"MANNING","NORTH"
"Z5.4.B.05","60-74 years",532,366,68.7,343,64.4,90.3,86.9,"MANNING","NORTH"
"Z5.4.B.05","75+ years",252,212,84.1,201,79.7,91.5,89.9,"MANNING","NORTH"
"Z5.4.B.05","ALL years",3290,1502,45.7,1347,40.9,67.4,60.5,"MANNING","NORTH"
"Z5.4.C.06","12-19 years",2063,858,41.6,704,34.1,70.3,61.1,"PEACE RIVER","NORTH"
"Z5.4.C.06","12+ years",15482,9151,59.1,8067,52.1,79.2,71.2,"PEACE RIVER","NORTH"
"Z5.4.C.06","20-39 years",5342,2423,45.4,1968,36.8,69.3,59.6,"PEACE RIVER","NORTH"
"Z5.4.C.06","40-59 years",4610,2958,64.2,2641,57.3,79.5,73,"PEACE RIVER","NORTH"
"Z5.4.C.06","60-74 years",2581,2128,82.5,2003,77.6,90.3,86.9,"PEACE RIVER","NORTH"
"Z5.4.C.06","75+ years",887,747,84.3,731,82.4,91.5,89.9,"PEACE RIVER","NORTH"
"Z5.4.C.06","ALL years",18611,9151,49.2,8067,43.3,67.4,60.5,"PEACE RIVER","NORTH"
"Z5.4.D.08","12-19 years",453,193,42.6,158,34.9,70.3,61.1,"FALHER","NORTH"
"Z5.4.D.08","12+ years",3781,2364,62.5,2158,57.1,79.2,71.2,"FALHER","NORTH"
"Z5.4.D.08","20-39 years",1139,536,47.1,466,40.9,69.3,59.6,"FALHER","NORTH"
"Z5.4.D.08","40-59 years",1029,617,60,559,54.3,79.5,73,"FALHER","NORTH"
"Z5.4.D.08","60-74 years",763,647,84.7,616,80.7,90.3,86.9,"FALHER","NORTH"
"Z5.4.D.08","75+ years",397,358,90.3,353,89,91.5,89.9,"FALHER","NORTH"
"Z5.4.D.08","ALL years",4427,2364,53.4,2158,48.8,67.4,60.5,"FALHER","NORTH"
"Z5.4.D.09","12-19 years",629,215,34.2,169,26.9,70.3,61.1,"SPIRIT RIVER","NORTH"
"Z5.4.D.09","12+ years",5196,2842,54.7,2553,49.1,79.2,71.2,"SPIRIT RIVER","NORTH"
"Z5.4.D.09","20-39 years",1438,483,33.6,398,27.7,69.3,59.6,"SPIRIT RIVER","NORTH"
"Z5.4.D.09","40-59 years",1566,917,58.6,806,51.5,79.5,73,"SPIRIT RIVER","NORTH"
"Z5.4.D.09","60-74 years",1115,843,75.6,804,72.1,90.3,86.9,"SPIRIT RIVER","NORTH"
"Z5.4.D.09","75+ years",448,370,82.6,365,81.5,91.5,89.9,"SPIRIT RIVER","NORTH"
"Z5.4.D.09","ALL years",6114,2842,46.5,2553,41.8,67.4,60.5,"SPIRIT RIVER","NORTH"
"Z5.4.D.10","12-19 years",1010,337,33.4,277,27.4,70.3,61.1,"FAIRVIEW","NORTH"
"Z5.4.D.10","12+ years",6771,3646,53.8,3286,48.5,79.2,71.2,"FAIRVIEW","NORTH"
"Z5.4.D.10","20-39 years",1955,747,38.2,622,31.8,69.3,59.6,"FAIRVIEW","NORTH"
"Z5.4.D.10","40-59 years",1882,1080,57.4,959,51,79.5,73,"FAIRVIEW","NORTH"
"Z5.4.D.10","60-74 years",1283,963,75.1,911,71,90.3,86.9,"FAIRVIEW","NORTH"
"Z5.4.D.10","75+ years",642,515,80.3,514,80.1,91.5,89.9,"FAIRVIEW","NORTH"
"Z5.4.D.10","ALL years",8131,3646,44.8,3286,40.4,67.4,60.5,"FAIRVIEW","NORTH"
"Z5.5.A.01","12-19 years",462,223,48.3,143,31,70.3,61.1,"WOOD BUFFALO","NORTH"
"Z5.5.A.01","12+ years",3377,1857,55,1420,42,79.2,71.2,"WOOD BUFFALO","NORTH"
"Z5.5.A.01","20-39 years",1170,495,42.3,341,29.2,69.3,59.6,"WOOD BUFFALO","NORTH"
"Z5.5.A.01","40-59 years",1163,707,60.8,571,49.1,79.5,73,"WOOD BUFFALO","NORTH"
"Z5.5.A.01","60-74 years",482,343,71.2,292,60.6,90.3,86.9,"WOOD BUFFALO","NORTH"
"Z5.5.A.01","75+ years",101,74,73,65,64.1,91.5,89.9,"WOOD BUFFALO","NORTH"
"Z5.5.A.01","ALL years",4062,1857,45.7,1420,35,67.4,60.5,"WOOD BUFFALO","NORTH"
"Z5.6.A.01","12-19 years",6716,4838,72,4110,61.2,70.3,61.1,"FORT MCMURRAY","NORTH"
"Z5.6.A.01","12+ years",65400,46839,71.6,40385,61.8,79.2,71.2,"FORT MCMURRAY","NORTH"
"Z5.6.A.01","20-39 years",28516,17895,62.8,14666,51.4,69.3,59.6,"FORT MCMURRAY","NORTH"
"Z5.6.A.01","40-59 years",23056,18022,78.2,16044,69.6,79.5,73,"FORT MCMURRAY","NORTH"
"Z5.6.A.01","60-74 years",6443,5263,81.7,4869,75.6,90.3,86.9,"FORT MCMURRAY","NORTH"
"Z5.6.A.01","75+ years",669,532,79.5,509,76,91.5,89.9,"FORT MCMURRAY","NORTH"
"Z5.6.A.01","ALL years",79416,46839,59,40385,50.9,67.4,60.5,"FORT MCMURRAY","NORTH"
"Z5.7.A.01","12-19 years",7222,4006,55.5,3357,46.5,70.3,61.1,"CITY OF GRANDE PRAIRIE","NORTH"
"Z5.7.A.01","12+ years",61599,37998,61.7,32914,53.4,79.2,71.2,"CITY OF GRANDE PRAIRIE","NORTH"
"Z5.7.A.01","20-39 years",26873,13605,50.6,10983,40.9,69.3,59.6,"CITY OF GRANDE PRAIRIE","NORTH"
"Z5.7.A.01","40-59 years",18317,12382,67.6,11050,60.3,79.5,73,"CITY OF GRANDE PRAIRIE","NORTH"
"Z5.7.A.01","60-74 years",6996,5889,84.2,5554,79.4,90.3,86.9,"CITY OF GRANDE PRAIRIE","NORTH"
"Z5.7.A.01","75+ years",2191,1896,86.5,1845,84.2,91.5,89.9,"CITY OF GRANDE PRAIRIE","NORTH"
"Z5.7.A.01","ALL years",74275,37998,51.2,32914,44.3,67.4,60.5,"CITY OF GRANDE PRAIRIE","NORTH"
